X,y,class
-1.1891227100267563,0.0230426649328677,0
-1.1732366513275925,0.1651787940116802,0
-1.1578112356383317,0.160546023208971,0
-1.1525193045691668,0.1398559021523346,0
-1.151602199950946,0.0109584660082523,0
-1.150958792435813,0.0423621585141146,0
-1.149430031356133,0.1359899035103593,0
-1.1443530339558456,0.3425623218625939,0
-1.139292286107737,0.1402148446979425,0
-1.1383749546423076,-0.0009651892636589,0
-1.1367023936651646,0.3271461494653445,0
-1.1353628054233518,-0.0528554197961722,0
-1.135313881483819,0.1445176115319883,0
-1.1331001678821284,0.1297453616135805,0
-1.132987831013414,0.1503611126421819,0
-1.1324196592624984,0.0148406024118461,0
-1.1320429541162755,0.1557498868366158,0
-1.131546371597462,0.0003824466216637,0
-1.1315146663322788,0.0844479171085314,0
-1.129679007792447,0.25600805485403,0
-1.1285765642587962,0.0334654435312076,0
-1.1265891674079829,0.1626534346466846,0
-1.1246549296403632,0.147386944301974,0
-1.1230702986754708,0.1462071943367601,0
-1.122844014658695,0.1301430668399642,0
-1.1225956364732388,-0.0835838053611352,0
-1.1217098056940558,0.039263186820126,0
-1.1199227023141092,0.1387652854911008,0
-1.11970861259067,0.1383342772433655,0
-1.1192589993026132,0.1490431256104201,0
-1.117906358149848,0.4689624912928368,0
-1.116950210867892,0.3426993161168084,0
-1.1168940855718872,-0.0230768072505237,0
-1.1157508294788228,0.2292365659127653,0
-1.1157042844045442,0.133812136692883,0
-1.1155681658907863,0.1944640083628596,0
-1.1152883077210485,0.0585347218950324,0
-1.1151578467241914,0.200629834492906,0
-1.112373728723529,-0.0090451618112663,0
-1.1121249573112573,0.1333224285355421,0
-1.111355661329135,0.1632776929047618,0
-1.111310503498952,0.1216855533957036,0
-1.1100269542329502,0.1153958518434109,0
-1.1079882999339583,0.2228379357398769,0
-1.1075784889571885,0.179477551979053,0
-1.105315852722825,0.3613027145269491,0
-1.105060134532658,0.2232689603836128,0
-1.104140747672134,0.0712502602894866,0
-1.1033547655400984,0.1099910742515699,0
-1.1019411902694385,0.142711636316182,0
-1.1018595507553444,0.1619846660069895,0
-1.1016387631861448,0.1569418594702525,0
-1.1015305447718269,0.174732424594665,0
-1.101475284215299,0.0111918166250515,0
-1.1009609378905791,0.1672276436929602,0
-1.10059308506133,0.2467652353884956,0
-1.1003982261356258,0.2132345761236429,0
-1.1003653133431903,0.3360612708879703,0
-1.1002306027225428,0.0951382557350317,0
-1.100120394902843,0.1082886631354782,0
-1.0993901305646026,0.2361439310736787,0
-1.098876528035744,0.2083566300554542,0
-1.098604936696406,0.2082727062037808,0
-1.0981154518095655,0.2806086384045051,0
-1.097114015754165,-0.0364724434299433,0
-1.0961940159235894,0.1751264864521044,0
-1.095207755814178,0.1441614952133664,0
-1.0951643783739058,0.128997636653533,0
-1.09485661803199,0.2426411679045801,0
-1.0944573838264555,0.2262219161126479,0
-1.0939464200700872,0.2489689998987142,0
-1.093926276611858,0.0312881492394341,0
-1.093817598989384,0.0067082711099502,0
-1.09375020123189,0.1039505135788099,0
-1.0937056437206223,0.048012234527961,0
-1.0934539210381378,0.1222855707875859,0
-1.0930364054482145,0.0021719278702119,0
-1.092638847068936,0.1398985945845,0
-1.0920434266618757,0.0726184692725506,0
-1.091977986221362,0.5004311466208228,0
-1.0918349782137804,0.3932564323661314,0
-1.0888670843763255,0.03718140021873,0
-1.0874655247885556,0.1960186733939914,0
-1.0873780158122326,0.0471736657483857,0
-1.0873675927675772,0.1305836403496763,0
-1.086622441902216,0.0731013154309878,0
-1.0865803452215397,0.0417422492209725,0
-1.0864836796327704,0.030114214194631,0
-1.0852167629090896,0.3880227440720711,0
-1.085117380291604,0.3484708989799511,0
-1.0848297175457997,0.2683466371221105,0
-1.0847411541378682,0.1625868880236098,0
-1.0846616570210132,0.1374583349577688,0
-1.0836069867074674,0.1950156960982881,0
-1.0833683135580794,0.3002949466221816,0
-1.0828483107077649,0.3482724662623371,0
-1.0827982039923951,0.1178842851814607,0
-1.0822798599816883,0.2361168389885799,0
-1.07977195508747,0.1862232790139417,0
-1.0796495552028225,0.1439652930022369,0
1.209834309646863,1.980240105829168,1
1.1654171273994145,1.8086153036239112,1
1.1618163153786585,1.9420948102150664,1
1.156938837758939,1.958190283446268,1
1.1562345227457902,1.695939260644718,1
1.1541611795677424,1.9975341557536248,1
1.152513253921264,1.8272759513966168,1
1.1519488707355623,1.7837191586327532,1
1.1509466198068852,1.77979363495074,1
1.1497262041560463,1.7100534400908098,1
1.1481870563004453,2.054015517940353,1
1.1431400023139895,1.9710121420100948,1
1.1419544429854858,1.9439852581527308,1
1.138325354041883,1.7680595013385731,1
1.1379945274837489,1.9950792490973333,1
1.1378102974719455,1.9185032433509428,1
1.1376436118420556,1.8374643849535064,1
1.1358719932354389,1.951607520650392,1
1.1343820764483663,1.7333587532781716,1
1.1343744864044345,1.6252900136534476,1
1.1336153921803818,1.8354019765214225,1
1.1316604916604982,1.792675952124697,1
1.12841390109821,1.9221014812001016,1
1.1282154339828767,1.9544878606150016,1
1.126685200298433,1.976884017543864,1
1.126259666703029,1.861293074266077,1
1.12525784746086,1.7234448791466224,1
1.120431954607155,1.9224552992858217,1
1.1174099245759663,1.7532007973705137,1
1.117170556596093,1.715808778202881,1
1.115938763092605,1.924562340620387,1
1.1148481756833304,1.945583969145705,1
1.1139589491299358,1.9572136193148293,1
1.1138602853660928,1.742071427110717,1
1.1136422185690704,1.9285962806157944,1
1.113551893920341,1.673701457479154,1
1.11345251406607,1.9629093773570525,1
1.1131844240422866,1.8185373111339416,1
1.1113845380946148,1.8936212017928944,1
1.111048946580508,1.9281717629076551,1
1.109406143681498,1.821903931379349,1
1.109278385793512,1.7930385059690324,1
1.108308959782697,1.8827276613324104,1
1.1080560416928469,1.8354779351897936,1
1.1073119728173917,1.659393190292067,1
1.1068680050569322,1.8673096532200373,1
1.1056693912033424,1.9510731679972413,1
1.105666326521932,1.8658421636635616,1
1.1054438133164752,1.8938422422462744,1
1.1052009499823834,1.8898354840205835,1
1.1046193871096714,2.055816607611832,1
1.104350401996816,2.046797652819757,1
1.1026688690541475,2.0185384910563218,1
1.1024674347766803,1.936276832087248,1
1.1021653015360429,1.7543260173337196,1
1.1020757453279058,2.0516981377623456,1
1.100932509347338,1.954994116620113,1
1.1003981338258102,1.8022304526410984,1
1.099689788683465,1.6390945122930365,1
1.098427721154798,1.8232952487699792,1
1.0984066567816693,1.823590769675719,1
1.0983835023167945,1.8877581145282183,1
1.097885919419614,1.750399269403066,1
1.0972735293483549,1.8430080759206195,1
1.0959708335764495,1.9349401530797063,1
1.095106417403665,1.7636291325034157,1
1.0946561384595008,1.8911274548825907,1
1.094547814366996,1.9312090446609644,1
1.0939246651272143,1.9038948412380905,1
1.092626877075598,1.7490871897868527,1
1.0925373710235582,1.6945217931665293,1
1.092125700092915,1.9099519881624885,1
1.0919118799228702,1.987971223420249,1
1.0895803349145874,1.8125622437772315,1
1.0886068690651671,1.923521081731072,1
1.0877315441167354,1.6066824526096704,1
1.0876050551445782,1.8838620620549693,1
1.086693689888981,1.7979838166768198,1
1.0866688990669373,1.9348128598967256,1
1.0864895544885678,1.7765951488581206,1
1.0856642438937256,2.0006152758601976,1
1.0856405396986264,1.791349182367916,1
1.0854460832591983,1.8017999478220204,1
1.085302540064232,1.9828625140125105,1
1.0848325924843816,1.7829747384212182,1
1.0846379912332604,1.7611612261052454,1
1.084336010347693,1.7131751592983169,1
1.0840654096963505,1.589054817039505,1
1.0840299457673566,1.8554711600363645,1
1.0840019566698331,1.7478710964580384,1
1.083359666938628,1.492010630221448,1
1.0833422271595432,1.9719327824948816,1
1.082757416902795,1.6643663265694375,1
1.0824594496881104,1.767853620697075,1
1.0821940375979489,1.8930624656353072,1
1.0820827222295617,1.7909767522725764,1
1.082031763790917,1.837071120353985,1
1.0818892160289957,1.770284213083774,1
1.0811627335762668,1.979601675888896,1
1.0809904084353263,1.878915272567801,1
-1.0793712795998442,0.2037795991594899,0
-1.078440321581999,-0.0996013981438252,0
-1.078309953683948,0.2601382046168933,0
-1.0773110846041525,0.3184497919113061,0
-1.0769506726118876,0.313339262255178,0
-1.0766390750235553,-0.0759672768567073,0
-1.0765636852859684,0.010672464965941,0
-1.0761778059019091,0.2942595362030539,0
-1.0759955971614283,0.4282159884892178,0
-1.075871766803784,0.1037154172892734,0
-1.0751536627022529,0.0577699692779359,0
-1.0742590306203053,0.3258407019100901,0
-1.0742554556059905,0.323261030967223,0
-1.0730733423748249,0.1669424265580515,0
-1.072833497107908,0.2619672158369713,0
-1.0728069478796136,0.0005643990101135,0
-1.0721466136499809,0.2691280898037033,0
-1.0709399151199377,0.1670002853058175,0
-1.0694661069611444,0.0560004272565827,0
-1.0691642887225354,0.12081942614753,0
-1.0675063558160964,0.2414912206927669,0
-1.067482486535218,0.1534351790407198,0
-1.0670899814001396,0.1546219103861618,0
-1.0662079904670732,0.0711988968644098,0
-1.066111784422506,0.1660319363123321,0
-1.0657021016404336,0.1162824887891713,0
-1.0645794800089048,0.1395020149672253,0
-1.0645421202583305,0.3725919619152849,0
-1.0609742680725027,0.1884024041511228,0
-1.060575084943268,0.2953487739575557,0
-1.060365577977866,0.077986259392208,0
-1.059929960427692,0.1384077446014752,0
-1.0598498302040191,0.0157215287905793,0
-1.0595909706471545,0.4282884776387798,0
-1.0594737756648225,0.0580771322466094,0
-1.0594345939624628,0.097642531661796,0
-1.059318759517766,0.076901491529226,0
-1.059278532134782,0.1486950419234343,0
-1.058253528394378,-0.0022191679977097,0
-1.057964946850398,0.2248470577660572,0
-1.0579387713111548,0.0165248871042505,0
-1.0575155884808372,0.3030256027472686,0
-1.0572597687292538,-0.0228066770457273,0
-1.057255595935578,0.3224654569526323,0
-1.0569468823089052,0.2264931939199719,0
-1.05646683788536,0.0606367000700011,0
-1.0555305573309304,0.0281356476118138,0
-1.0554870305960593,0.4487638880281043,0
-1.0545167541806606,0.2319723695470265,0
-1.0536131926811312,0.3424716641037469,0
-1.053563296642416,0.4015376591149733,0
-1.0528053777581587,0.1855573456214821,0
-1.0527231835384536,-0.009404866217117,0
-1.0521556636108005,0.0001676950701851,0
-1.0520764216768226,0.1271718038710133,0
-1.0519441602453807,0.352946901257928,0
-1.0517744489776917,0.3117478564333072,0
-1.0516767071121091,0.0545191489323153,0
-1.0508128765035691,-0.0446538982697436,0
-1.0505255465230243,0.1051772667551412,0
-1.0501093845622114,0.1114018066786904,0
-1.0500870656276435,0.1010096764244744,0
-1.0497916751929204,0.1736175011745581,0
-1.049568198006746,0.4558842693080598,0
-1.0492940531321473,0.0142116803470811,0
-1.0490554360174968,0.1694005160815634,0
-1.04894648796017,0.1955121972503898,0
-1.0479377692994245,0.3273677720727561,0
-1.0477285317089533,0.2450754587001212,0
-1.0476998625785932,0.1870093644676516,0
-1.0475950827410931,0.1988904014968691,0
-1.0474469294610969,0.0734041724202162,0
-1.0461652297990316,0.0499264421624239,0
-1.0460391029224096,0.1565355966575095,0
-1.045679942829152,-0.0242904988781058,0
-1.0454357352448869,-0.0069035861444768,0
-1.0453127928169164,0.2256662471808055,0
-1.045081675724182,0.4015154487552809,0
-1.044910148476337,0.4758837484035857,0
-1.0446166261600036,-0.0157552529282394,0
-1.0442861036053357,0.0129148731418915,0
-1.043261306585382,0.1702405439070274,0
-1.0422941747234051,0.1560523219366311,0
-1.042238102484532,-0.0093655838529438,0
-1.0418181844855288,0.2873373991563286,0
-1.041470872806266,0.3559276146400253,0
-1.0413896959744855,0.2446371210692805,0
-1.041047121134707,0.4048316543411305,0
-1.039734757878919,0.2553541868383479,0
-1.0395654762450708,0.085631405806375,0
-1.0393463995389525,0.0428967155427798,0
-1.0386304781633433,-0.0082236830369889,0
-1.0384213266344349,0.3955276212026997,0
-1.0374654280894169,0.2911724771560004,0
-1.0364517378275813,0.3055969212693834,0
-1.0363970989930849,0.39676949354079,0
-1.0360383096106576,0.2161077596125742,0
-1.0353518469551957,0.3033325927492853,0
-1.0353377110995572,0.2170315702687461,0
-1.0348045362863796,0.2572806092381872,0
1.0809556802209863,1.999520950668004,1
1.0809479719820037,1.663603649212312,1
1.0788719073368438,1.9829938843630288,1
1.0772420481197575,1.8335862143632933,1
1.0766950905596504,1.8964546496134949,1
1.0766634973854132,1.953726712044766,1
1.076618200545438,1.7465185743157534,1
1.0758928643981,1.912047767833455,1
1.0753909813812157,1.7407750553020331,1
1.0753386326901129,1.7784729624816404,1
1.0750812405157857,2.020632065962701,1
1.0749874692290402,1.7792598713475385,1
1.0726357712889103,1.839071450021131,1
1.0712917689746757,1.9261365747094703,1
1.0708067663095893,1.8272758964870424,1
1.0704706891615596,1.6183374981584069,1
1.070374924880452,1.7839610664773289,1
1.0703185114890417,1.7116966209024986,1
1.0701712553331,1.6429640317395928,1
1.0696924999296176,1.9468123991643305,1
1.0695608147832965,1.6656391835535995,1
1.0690451383351545,1.9944552317100657,1
1.0690376282451963,1.8479566960152167,1
1.0687872310233475,1.74966556820853,1
1.0685252860580328,1.8630601360932564,1
1.0684916950988983,1.848647360681834,1
1.0671898566390787,1.857632447045606,1
1.06718104318948,1.6218707796218392,1
1.0664160939271292,1.8870118134738416,1
1.0662850129185848,1.777226897348978,1
1.0657379220640488,1.9705771968195032,1
1.0647785488594466,1.916855760868261,1
1.0647616326879377,1.8913083537320856,1
1.063252435261184,1.708235624886112,1
1.063219235839021,1.5050507455263489,1
1.0631886856027224,1.8776291589411624,1
1.0630859512174975,1.7794190566525283,1
1.0626372004403113,1.689137372787633,1
1.0624994397285343,1.8833577124360623,1
1.0624101382454456,2.011885459976088,1
1.0611068060619802,1.7617068479139766,1
1.0609833471104144,1.9367606613271109,1
1.060159899201379,1.847710677662874,1
1.059819584045096,1.9790970804214472,1
1.0594877454486733,1.6050682510142396,1
1.058890208891314,1.889637571495376,1
1.058613676312561,1.6943728639145277,1
1.058073214240748,2.017166294043692,1
1.057649187591868,1.611069381904052,1
1.0571420216970524,2.0677689020324506,1
1.056039271239571,1.488468185900894,1
1.0554664301106942,1.6910186810730596,1
1.0553311616996333,1.9296682010265096,1
1.0551681146977705,1.967700944457644,1
1.0551331970812243,1.876567953750693,1
1.0550975692664568,1.9051434763110853,1
1.0535669040545532,1.8400349575245367,1
1.0534489470712949,1.924728422412053,1
1.0533580403545135,1.8447282505446736,1
1.052669589854196,1.7115391587677014,1
1.0509846276139057,1.767869686303421,1
1.050610044720916,1.668476828910943,1
1.0504708210914957,2.0300828380625164,1
1.0504354317347997,1.7751801033875771,1
1.0498437633047288,1.949783463219508,1
1.0495863158098917,1.9267848664802456,1
1.04947552230398,1.6487308216698304,1
1.048535675528551,1.513162913706424,1
1.048176416483108,1.6466392544931676,1
1.0479293437945272,1.680276120663128,1
1.0477477719719048,1.8587654298683784,1
1.0474243320829697,1.7927159078476245,1
1.047132321442531,1.8916789329683588,1
1.04664834413552,1.672702764175935,1
1.0459915505810176,1.551195959318017,1
1.0458691658170207,1.8448081486802512,1
1.045792338987998,1.7631256663815762,1
1.045723260179196,1.601078300886982,1
1.0455625476477648,1.7057423752269527,1
1.0454349617788123,1.6262013661193206,1
1.044709028368312,1.960626971229321,1
1.044224297066164,1.619377232551706,1
1.0441626088092144,1.7684576948740074,1
1.0438619439675816,1.6874463542401164,1
1.0437467834640124,1.676863242374453,1
1.0432623214866408,1.8885336434690667,1
1.042742310815808,1.913354527256052,1
1.0416511760819835,1.7435427401476875,1
1.04116377523548,1.898135535612817,1
1.041101717010136,1.7447703183959251,1
1.0409775912829984,1.629321750023865,1
1.0402073206736215,1.6384991918595109,1
1.039786931290566,1.6952332857397738,1
1.0396609302842132,1.845748778462952,1
1.0394565638281172,1.8667988962963555,1
1.0394356093458077,1.7639947457589935,1
1.039141008234068,1.569392591250357,1
1.0383299041904608,2.075336487523276,1
1.0380982495049589,1.7182456964040085,1
1.0378513173878068,1.6012838368401998,1
-1.0346995833919457,0.1719386939908088,0
-1.0346868988178164,0.3632737033886309,0
-1.0345593576642296,0.1495984717283097,0
-1.0341343618527037,0.0453237956162641,0
-1.0338894884466308,0.4952809267098446,0
-1.0334840704404875,0.2321928545601043,0
-1.033412722480572,0.1316885595670021,0
-1.0332891243521427,0.4726107615299111,0
-1.032808017016155,0.0355310600229452,0
-1.0324445089941936,0.4251764461214728,0
-1.0319589853791011,0.2466471210204458,0
-1.0318102843185408,0.291014792250694,0
-1.0317180279702531,0.3133989951496178,0
-1.0317146340407053,0.4093645166239634,0
-1.0315877111542833,0.2055337548334832,0
-1.031478667729398,0.4321867055329501,0
-1.030730596103792,0.3590487493711381,0
-1.0306364643174764,0.2973417505889222,0
-1.029749369473612,0.1889718139749354,0
-1.0295400746404946,0.1201373815774406,0
-1.0292778726866916,0.1925762360498971,0
-1.0274543396791804,0.1097964048003012,0
-1.02655250673602,0.3145549650384029,0
-1.0264980076261727,0.4307483634916582,0
-1.0255440906131512,0.1996433978316168,0
-1.024768797365756,0.1297778515739629,0
-1.0244063799993102,0.2100668281685224,0
-1.024308906618604,0.0680915445765187,0
-1.02415730183905,0.2364128008659729,0
-1.0238265328325673,0.4999240692115704,0
-1.0237939330022947,0.2955198313207793,0
-1.0236272224753011,0.1634316146175123,0
-1.0229254422560217,0.1947341704433877,0
-1.02227482839928,0.2817930911925369,0
-1.022174762928458,0.1810367616822167,0
-1.0207470164086143,0.1407059695200865,0
-1.0203089403762513,0.31702737097911,0
-1.0201075890645095,0.4513754039919107,0
-1.0192999948241075,0.3035858635679258,0
-1.0192800586773232,0.1325183090785943,0
-1.0191984133464544,0.3570168827452463,0
-1.019054562743668,0.3167102850292566,0
-1.0189144558267356,0.5709493883410572,0
-1.018569681228879,0.4704393980824906,0
-1.0183690920357775,0.5224065763951904,0
-1.0183533758709529,0.2641835479427289,0
-1.0180551222908925,0.043667361773553,0
-1.018053292891263,0.5630374913516292,0
-1.0179564698230297,0.5166530674279193,0
-1.0172348184157158,0.1289025158291442,0
-1.015592314288862,0.5085070895770731,0
-1.015014876675492,0.1555467533717638,0
-1.0149012184437995,0.339689288118803,0
-1.0148869599194594,0.3169509952206109,0
-1.014297231549478,0.1607602520580962,0
-1.0142686362408004,0.3717230465133036,0
-1.0125418441620453,0.410801448878786,0
-1.0124729775951429,0.0419898699195707,0
-1.012210006395615,0.5613099457790344,0
-1.011882667673878,0.3190589297451082,0
-1.010575446587888,0.2026345942764535,0
-1.0104785558206246,0.4433933324824376,0
-1.0100470688294492,0.4305539575420141,0
-1.0099236521872423,0.0761832049159827,0
-1.009453566466796,0.4800668971084336,0
-1.0091955062140965,0.5638258909238506,0
-1.0091376356492052,0.4121063228167441,0
-1.0087732742808515,0.2727459293747029,0
-1.0087461779257447,0.3071762791861782,0
-1.008600322074564,0.0775612270313577,0
-1.007988386177886,0.380607035133104,0
-1.0073945922436236,0.4549138438937271,0
-1.0073727630017664,0.3743592594853688,0
-1.0069953865302412,0.3960208892392154,0
-1.006714338111372,0.311068357402738,0
-1.0066215398156684,0.2984880402226419,0
-1.00636085246178,0.4405663284211522,0
-1.0059434059116803,0.4959621362695117,0
-1.0059101670304575,0.5753646389174499,0
-1.0051791769372789,0.2491042817105022,0
-1.0045870090413125,0.411836357272046,0
-1.0041134399006957,0.5472626525943681,0
-1.0037946263537187,0.3901187769898844,0
-1.003433932268453,0.3331258198183885,0
-1.0033777769121643,0.5169498684602039,0
-1.0028318552390922,0.3686129952165828,0
-1.0025393310776731,0.5984794655330308,0
-1.0025189300324937,0.285689257950698,0
-1.0024212937382833,0.4069574961700377,0
-1.0020265440767069,0.2558233078679462,0
-1.0013991593584477,0.1829614401166053,0
-1.0012314587469004,0.2461180094422304,0
-1.0002874201574832,0.4529444157613571,0
-0.999949590915052,0.0252559401504774,0
-0.9990873510663332,0.3956616719015987,0
-0.9990819235173524,-0.0478346713168338,0
-0.9990451198925924,0.2637428090913863,0
-0.9982957896102824,0.0880390700639674,0
-0.997392462317958,0.3015998735039213,0
-0.9964137565065638,0.4369831508263392,0
1.0375124758873115,1.7077046952334027,1
1.0374750522567773,1.7437281031421723,1
1.036128904755372,1.7316266461420942,1
1.0360482268720812,1.7342291766631226,1
1.035967453038655,1.4847556025941722,1
1.0357369574845527,1.7173399596743009,1
1.0356079697266976,1.807723996655345,1
1.0355048575323456,1.6984126707300713,1
1.0343449683468036,1.7211368003053604,1
1.0335156761950168,1.4868478265290566,1
1.0335077350689728,1.891419960301858,1
1.0328793622835548,1.8600256938055888,1
1.0326963220991967,1.8630332702927592,1
1.0317074651632017,1.40217575815163,1
1.0315650672039056,1.740426320452971,1
1.0309003806216772,1.7337351948732709,1
1.0307290696742744,1.8194691114613657,1
1.030627423205578,1.7069318229886072,1
1.0297972180171713,1.8660664744625053,1
1.0297899153226329,1.7000167360777954,1
1.0293000084976731,1.7805349852694516,1
1.028856372593564,1.8109173045272176,1
1.0283409422618663,1.48539324459406,1
1.028123567996794,1.8343152664767013,1
1.0278935494105117,1.6746976566583662,1
1.0275501846497852,1.908511044768532,1
1.0273703224755664,1.780214211175131,1
1.0268094396013396,2.0380404404832766,1
1.0264904831951536,1.8992896893877032,1
1.025766638557574,1.9052334415260912,1
1.0256995894734608,1.626046243139401,1
1.0248104959875148,1.7841889571315577,1
1.0245110616534396,1.7988796690532,1
1.0243802174491896,1.743618796791412,1
1.023735718042046,1.817166869994312,1
1.023479435389177,1.6111672089266085,1
1.0233992796732416,1.7337110166688412,1
1.0232068242378685,1.6197138564468572,1
1.0224211319662189,1.9084143150626025,1
1.0223859876639996,1.7335789173809972,1
1.021886344667134,1.534483978233833,1
1.0218720613549248,1.657267788967501,1
1.0216841307390367,1.5683256965297128,1
1.020418763488868,1.6821314927780613,1
1.0197998055770836,2.0133336965186617,1
1.019472731025332,1.86657750454462,1
1.0189404569421752,1.8003024135040384,1
1.0187149065253684,1.6877201623725029,1
1.0185248132060576,1.5237946979257502,1
1.017678485635814,1.584157888351406,1
1.0175465531548076,1.7408625384066951,1
1.017430541860822,1.7756516391673556,1
1.0173326191983805,1.6256539396474905,1
1.017062960860256,1.523822687071728,1
1.0167240321185345,1.8189460468534204,1
1.016249108906356,1.8260775502194548,1
1.0152555160505157,1.6030368323278887,1
1.0147431192733225,1.496372630908147,1
1.0146252138407368,1.5555497518058514,1
1.0144633109264392,1.42615794630628,1
1.0142600578693688,1.7756877824475126,1
1.012781846079846,1.54083857948961,1
1.0123221763177928,1.557554411523275,1
1.011926000430583,1.733995835372645,1
1.0113987723487516,1.53091686926817,1
1.0113593438328263,1.616390348991896,1
1.0110639289723715,1.6172364664105436,1
1.01100617501454,1.972632918509082,1
1.0108818230201548,1.5490536564163355,1
1.01081007615058,1.6236022264506154,1
1.0106875651600051,1.5860773103035957,1
1.010379780851284,1.8461981151351576,1
1.0103363740562368,1.5032149949768756,1
1.0098092863097503,1.4091060483972735,1
1.009671256778176,1.4569820221087906,1
1.0093161617719693,1.8951214614421048,1
1.0085891456248492,1.856902112101386,1
1.0080559650606904,1.5835532296330928,1
1.0075814037471935,1.4855106001455156,1
1.0073425174827193,1.813697283214104,1
1.0072662268903425,1.822796599929789,1
1.0064971999996812,1.4889998203022257,1
1.0064425546755245,1.6195783048570334,1
1.0055377143521744,1.9476600534983657,1
1.0048092645242623,1.9892017575685976,1
1.0044230877580105,1.802570910103758,1
1.0038359941544308,1.723430937490945,1
1.0037665778255624,1.786505139803351,1
1.0036263326255417,1.6583670817251166,1
1.0034904527288893,1.5042547288857075,1
1.0025619910473884,1.710667332621664,1
1.0017368870117085,1.863974121748476,1
1.0015675669132675,1.5360907031797857,1
1.0006242468925612,1.7953279085654084,1
0.999717412912768,1.4666345051958911,1
0.9995420274954216,1.8758208651312844,1
0.9995320243018008,1.669374476074435,1
0.9993155710885852,1.8640571749979216,1
0.999305881968934,1.736250822500821,1
0.9991350608721064,1.424351011091496,1
-0.9957263957054916,0.1953840586447068,0
-0.9954272418335331,0.310827190301336,0
-0.9950118047802082,0.2384194693367575,0
-0.994421701378524,0.3228211020658834,0
-0.9943083170033804,0.2715498202548708,0
-0.9937240910661976,0.1754140113329328,0
-0.9936959272814548,0.1714638641155574,0
-0.9936859435457108,0.3875592062407957,0
-0.99345805876952,0.4154388691292183,0
-0.9926605200541104,0.3295726568929551,0
-0.9915985525478196,0.4479125405460815,0
-0.9912584486473276,0.4576736298216511,0
-0.9905240574932704,0.461453266817372,0
-0.9902211653916624,0.4267350812950963,0
-0.9898836639881684,0.5498696119305571,0
-0.989792666662478,0.4169798999955122,0
-0.9896175079453918,0.2797354124083187,0
-0.9895702700614896,0.4047498489121209,0
-0.989180245159224,0.189713131819438,0
-0.9889309389246256,0.4019288238034908,0
-0.9888554185015096,0.2349610935237773,0
-0.9886001988770248,0.0182054923928803,0
-0.988442397730416,0.5798892298622544,0
-0.9883099335052704,0.5994924891703907,0
-0.988123866928842,0.2626769566998777,0
-0.9878565101327796,0.3893491152418285,0
-0.9876147286555824,0.5697604009398671,0
-0.9873406237460868,0.2158242966692394,0
-0.9871594473808796,0.4909202445191224,0
-0.9864384043668316,0.0992686161502798,0
-0.9860391229207572,0.269849622942851,0
-0.9852508375025208,0.509659782605237,0
-0.9841504018073336,0.5031408726419156,0
-0.9841445193786263,0.3603710841880055,0
-0.984055107161194,0.0146790708812942,0
-0.9838040308866272,0.3332633835941145,0
-0.9837433869247524,0.4349238884498195,0
-0.9834704543788576,0.4036598855350006,0
-0.981844070604346,0.4878831481688158,0
-0.9815759455324968,0.3734221995909317,0
-0.9811294886843906,0.1889160201211816,0
-0.9803930071621751,0.3934181410742011,0
-0.97993862681876,0.5495151645323586,0
-0.9793974482744552,0.4229004965600357,0
-0.977651563004721,0.4545846797030907,0
-0.9774122687576392,0.2318327915523249,0
-0.9762006183157133,0.1924370029378866,0
-0.9747093687264806,0.403272487441515,0
-0.97431329645353,0.4428686320387186,0
-0.973906967399358,0.5009322047594119,0
-0.9730961705067216,0.1270378876445373,0
-0.9730057452775056,0.3860269349172225,0
-0.9729675900125286,0.6049309962886833,0
-0.9729412855237148,0.4946620936741905,0
-0.9721866626082204,0.5405834340507455,0
-0.9721121084944894,0.2967807426829925,0
-0.9717213786722424,0.4485722296599282,0
-0.9713726210569688,0.1782585993039277,0
-0.970892720679642,0.1099269863120195,0
-0.9708085445496404,0.371717594375442,0
-0.9699092544755642,0.0882077554889869,0
-0.9697788746141964,0.4776595593848744,0
-0.969575759968684,0.2862897265381443,0
-0.9690096758095064,0.5489549673922755,0
-0.9688270559376286,0.3865545172500989,0
-0.9687616267224032,0.4202910696592073,0
-0.9687550070359432,0.2655960153123373,0
-0.9685576915632272,0.4451745697815322,0
-0.967700826552184,0.3675379644789741,0
-0.9676206698486992,0.2900837619146747,0
-0.9674584336250628,0.3911810366918324,0
-0.96744836204548,0.2652487618709189,0
-0.9666359131096142,0.4860028502843338,0
-0.9656909450025736,0.5355861814855126,0
-0.9643693804202902,0.3973686012646213,0
-0.9642512443330762,0.4446032497654045,0
-0.9640133128075166,0.4392442863516003,0
-0.9630409257164512,0.5722066663879842,0
-0.9630312615128446,0.5331165712484527,0
-0.9592475294131322,0.3899086457004937,0
-0.9584419140638184,0.392266665474587,0
-0.9581819309709032,0.5322320448777073,0
-0.9575349032146372,0.38938896310228,0
-0.9561220675231228,0.3941759175747816,0
-0.9560920465133936,0.4752944466799238,0
-0.9558716215606492,0.0960855550924646,0
-0.9546608234900438,0.5283467216679663,0
-0.9542351020233854,0.4998810143524429,0
-0.9518707415967962,0.5578752545460369,0
-0.9515313020848526,0.5514741675716718,0
-0.951143536720954,0.5379494892963584,0
-0.9510031030876328,0.468591616404751,0
-0.9508076370588486,0.3008143347135826,0
-0.9503484375878958,0.454357334126563,0
-0.9493566937306064,0.4505130904449052,0
-0.9482759013134864,0.5022612026004466,0
-0.947452441584518,0.2149042010995105,0
-0.947081972956369,0.3905972783517137,0
-0.946948938155551,0.5638088521504557,0
-0.9454045513297528,0.3974952122437192,0
0.998039183344518,1.7917127254908225,1
0.99786897956746,1.7184028244041991,1
0.99780120043712,1.8048213160280333,1
0.9966183417522684,1.822927393696474,1
0.9965150448333984,1.3753241263362723,1
0.9955865044135236,1.5841360533805684,1
0.9948252951492144,1.4652753827104132,1
0.9943137604009864,1.4901236388606325,1
0.9940165206715637,1.773698159646772,1
0.9939092018621196,1.861450122963584,1
0.9932514237591704,1.5714352712610016,1
0.9932508875520912,1.650075047671154,1
0.9930616998106996,1.3286752705671208,1
0.9926268881623368,1.507924820884132,1
0.9925578643889832,1.4175107497925885,1
0.9911757881448576,1.7175011396335012,1
0.9910923491179824,1.612606248496652,1
0.9910247190147512,1.548629303726077,1
0.9902795860528444,1.6985516351442866,1
0.989499699737592,1.4904886523980565,1
0.9886882319526384,1.4161690555409785,1
0.9880787254602144,1.6822181668294256,1
0.98776465858588,1.6897322166946886,1
0.9876071696062,1.6837061338674009,1
0.987346011962338,1.4644293133960615,1
0.986093355034612,1.44396204027851,1
0.9856311193053284,1.7592004899635183,1
0.98527763449553,1.8093670968013948,1
0.985097371617188,1.5023282448385546,1
0.9848254315366152,1.5706382694246055,1
0.9815815316580568,1.9893791671274044,1
0.9812480397192184,1.6822915587113931,1
0.9810250019453992,1.7526876307556976,1
0.9806782162542376,1.545537449114314,1
0.9804056335503516,1.4077826392701478,1
0.9798012003651708,1.5195022077470317,1
0.979532208429172,1.5177491070421811,1
0.9794514828048888,1.6516004562627562,1
0.979014019306702,1.3832009533524692,1
0.9786344758972632,1.6278952582854296,1
0.9781006302044292,1.4668528450753535,1
0.9774543821791504,1.3678111898154297,1
0.977314898856156,1.6218526798549973,1
0.97731333505846,1.5459227094070385,1
0.9768534084336166,2.031964600194222,1
0.976284685864181,1.4091454988011556,1
0.9760704412751092,1.4221231874689193,1
0.9758489934022232,1.6502673526626772,1
0.975825091862819,1.7550387040330735,1
0.9756512390675224,1.5903893152411015,1
0.9747945640829158,1.5983243559553506,1
0.9747090093556384,1.5785549404349426,1
0.973485403531054,1.319558058058119,1
0.973239523420512,1.615046041724568,1
0.9730798554481664,1.7076577417992227,1
0.973024529574652,1.601674401637268,1
0.972760838473928,1.4417642311503764,1
0.9725671109741412,1.5387208235334466,1
0.9725407968248986,1.695314368263214,1
0.9722251245177131,1.492944375182291,1
0.9719689930778858,1.5017705064693605,1
0.971863220372922,1.626703103364847,1
0.9718208746257824,1.4960651526123128,1
0.9710353091257192,1.611832653389072,1
0.9706823353473574,1.614445523520943,1
0.970515364527469,1.6177830234259618,1
0.9704935249478108,1.6800329143589987,1
0.9687631388054604,1.5961491769986291,1
0.968691118917054,1.6305143355980145,1
0.9684369323704136,1.6017507228484449,1
0.9681954089419456,1.6819440467081856,1
0.9678738276977968,1.4978097678954418,1
0.9678506980001164,1.3992701493249702,1
0.9677588593085552,1.5908153635553224,1
0.9677587008657206,1.589300897201616,1
0.9664946660383004,1.931867734621024,1
0.965649859624372,1.6261692205595564,1
0.9655803873071775,1.7294544779929657,1
0.9640127634850084,1.4661391616268291,1
0.963727042216444,1.665458206912484,1
0.9634585164605204,1.3151111135311642,1
0.9625115912033928,1.6565102351785017,1
0.961900761553508,1.885361906062964,1
0.961820138732806,1.8355959118065184,1
0.9613164471077964,1.5854950973820487,1
0.9606501528595356,1.6395213554220645,1
0.9597811134022272,1.5026787181537626,1
0.959330891713524,1.504766735670602,1
0.9592373125371684,1.370757168934605,1
0.958738701741924,1.583052483639928,1
0.958695584637017,1.5795695859573686,1
0.9560639296950284,1.611532923040245,1
0.955892352944004,1.808899177740689,1
0.9558914777706232,1.5955287573711203,1
0.9553892045795486,1.56026001708024,1
0.955155818865956,1.637136495346426,1
0.9550876994664712,1.5742405970457485,1
0.9540132307663208,1.432430646217704,1
0.9539038505362089,1.55266047098794,1
0.953221213951032,1.5441408132187908,1
-0.9454021570802412,0.4766118197890946,0
-0.94512319407058,0.1957088804969388,0
-0.9448186243487614,0.4242147232014316,0
-0.9446361684209148,0.5083885120368855,0
-0.9437931479714174,0.4686832272494825,0
-0.942781417063028,0.0991189536664705,0
-0.9426591419736732,0.5639868286626339,0
-0.9424449429702908,0.5362271410485169,0
-0.9423053567890104,0.4747516665933016,0
-0.941881324781138,0.5826299637156112,0
-0.9415872736206128,0.465441974127879,0
-0.9404995921820296,0.4078598956087127,0
-0.9398536739775946,0.5534857631728264,0
-0.9393363465705012,0.472387412715489,0
-0.9386109917823714,0.4755488368853423,0
-0.9384446648510044,0.5412202125070608,0
-0.93820513511381,0.49488585645185,0
-0.9381115450871312,0.1257189997663487,0
-0.9368934177033668,0.6300835752417787,0
-0.9358379089463218,0.5384559802966071,0
-0.935801088055342,0.5606814324466806,0
-0.9353284081125304,0.6524472683744895,0
-0.9344366106661076,0.4571226143615135,0
-0.9336491416219532,0.364896524445482,0
-0.9335628394579608,0.5116821501356975,0
-0.9331329240628342,0.5039201208963786,0
-0.9307300076486684,0.4416908666190421,0
-0.930652577553454,0.2882235276462477,0
-0.9303142829064864,0.4898565041504746,0
-0.9294590694078844,0.5245971729812,0
-0.9291530673472652,0.3231806986910927,0
-0.92859866979227,0.377587559120312,0
-0.9282466975543922,0.5876460914601271,0
-0.928163334415448,0.398664725010484,0
-0.9280986051947328,0.4999133240140319,0
-0.9255610515115869,0.4257703996121854,0
-0.9255335750460376,0.6569328942846804,0
-0.923779082977168,0.4045644685431721,0
-0.9231042443478722,0.4937367689466226,0
-0.9229145418414734,0.3295541885520323,0
-0.9228979915226128,0.6398971610479023,0
-0.922243549069428,0.4840470141958528,0
-0.9221933432073688,0.6611849615312471,0
-0.921203917065318,0.3827692779753316,0
-0.9208362154467804,0.3987955310533629,0
-0.920490402423876,0.3916682176803533,0
-0.920259322521336,0.584790345325663,0
-0.9198051111632014,0.6073316283660775,0
-0.919738570489814,0.4165941121669455,0
-0.9194480527864264,0.4017473433389906,0
-0.919292779702704,0.7283452131372241,0
-0.9190921925515404,0.3723817221835137,0
-0.9189621509003744,0.5582353142417616,0
-0.9182817301269478,0.5950005238062902,0
-0.918085734814864,0.1196835555859001,0
-0.9158131429916712,0.4609513587104156,0
-0.9154091238779988,0.4878043683494674,0
-0.9153629996069392,0.2084937070329779,0
-0.9134313323052335,0.3070710103650679,0
-0.9126302196579744,0.5571202979781004,0
-0.9115826772816328,0.5486545489675243,0
-0.911575772307399,0.5359442227533028,0
-0.9114168135260602,0.4149911096660511,0
-0.9113958013675236,0.5912302826112797,0
-0.9109267288161949,0.5326836432280417,0
-0.9105961520043372,0.4547379971110978,0
-0.9102273169713766,0.6573347346586239,0
-0.9096044641500745,0.5397742338708919,0
-0.908500729926838,0.6941297371523483,0
-0.908329690301683,0.6335661068011107,0
-0.9075503185759858,0.5759652218898206,0
-0.907271999824708,0.6791520699267584,0
-0.9056686277643732,0.6256848449474937,0
-0.9054920556600974,0.6710190303373018,0
-0.905465028406133,0.524437492661861,0
-0.9041268696471408,0.6130964241394963,0
-0.9031423463129036,0.4601524105134723,0
-0.9018975913202324,0.4820505851201581,0
-0.9018015370387384,0.3211799502623223,0
-0.900877394072256,0.637989337430268,0
-0.8995417070652301,0.4938893472880664,0
-0.8992042819391421,0.5569307883681647,0
-0.8987442411734472,0.3882552618615202,0
-0.8982696694738163,0.4284272781336089,0
-0.8982446576868067,0.6151166084006056,0
-0.8972066139982184,0.6699290011191751,0
-0.8969556502658578,0.5781751859991665,0
-0.8955114207118879,0.6193610448011888,0
-0.8949927142060262,0.6248256761482728,0
-0.8940489267644977,0.560873431371345,0
-0.8940409036420319,0.7044655565799933,0
-0.8933847356135106,0.5925463967412874,0
-0.8930672801547171,0.6293987431339121,0
-0.8899976945680602,0.5874107181220224,0
-0.889161136272288,0.5057374248006292,0
-0.8880706259077088,0.5831356197342535,0
-0.8879842289162118,0.5378397861727353,0
-0.8878548921353203,0.4713410680982836,0
-0.8870970325559461,0.4478528740993187,0
-0.8855905781107701,0.5602037457507435,0
0.9530935249550222,1.6754813828309167,1
0.952053496787588,1.5636826887711404,1
0.9509432726516432,1.609232489342734,1
0.9503332096050562,1.4348452717422988,1
0.9486231625440656,1.535549721565157,1
0.9483930330699252,1.4884612137518878,1
0.9480639596030082,1.5555464329124111,1
0.9476835718143416,1.4835870598938052,1
0.947401529932791,1.437682037506785,1
0.9472564455276384,1.4472991629790877,1
0.9468631795770928,1.4279629443295578,1
0.9463763102705052,1.643994271664149,1
0.945986472585192,1.5204332072528235,1
0.9457833288695844,1.5864255630089492,1
0.945682347203762,1.522527446869079,1
0.945086717499996,1.5347719861775675,1
0.9448225133441188,1.7414583847522016,1
0.9444560681766944,1.542425108827994,1
0.9438251837276174,1.560177836953471,1
0.9435207453853256,1.4609691165803464,1
0.943275667362084,1.869001309141586,1
0.9419939896230142,1.5921583785400686,1
0.9408449489752974,1.345379920885002,1
0.9400376580766808,1.38710452007387,1
0.9400058800918708,1.4193008691281754,1
0.938307990295606,1.5440548130705578,1
0.9376834020011052,1.5082198664789022,1
0.9374607109714904,1.4891529320104775,1
0.9371669004205492,1.5413802787675803,1
0.9369068208245624,1.3740431837122102,1
0.936490485685911,1.7614551605457045,1
0.9357092904107336,1.6437614361778918,1
0.9354985140568388,1.3893983035449748,1
0.9346072843756368,1.3580541934898476,1
0.9346039274410332,1.494692818554019,1
0.933542881716268,1.7507923498752576,1
0.9322147744616064,1.4559561902868876,1
0.9310095142187372,1.5129293826729813,1
0.9306812609200844,1.4453735880144718,1
0.9302704854773453,1.6893374943321853,1
0.9293674304056482,1.5850431184700065,1
0.9288830306619376,1.521978126747882,1
0.9285763162421136,1.3904844249844055,1
0.9275586415985344,1.5993769624561187,1
0.9258162955432402,1.721352917855794,1
0.92553481226839,1.479503400561882,1
0.925149199527057,1.4240545123947186,1
0.9235640677722848,1.4921873054502466,1
0.9234633527999164,1.4117870475258452,1
0.9233734033276236,1.6134975381528651,1
0.9226944655313208,1.751028158168637,1
0.92210090132214,1.423982433280078,1
0.9214260381686727,1.3829956522556726,1
0.9197920527197276,1.7308094624115309,1
0.9191674951440344,1.62509139179256,1
0.9189028225701992,1.3032878491109026,1
0.9183111194737928,1.4154710585924968,1
0.916214893302307,1.5906314778804445,1
0.9156209157810556,1.6376501616765964,1
0.91447850158136,1.2851071853982154,1
0.913750157244743,1.4452398593900158,1
0.9121075636514208,1.5383700711856645,1
0.9120605835262632,1.6929625546458416,1
0.9102665798080084,1.5316384708772288,1
0.909684544314649,1.3353420532773317,1
0.9089626066523688,1.4715038501150388,1
0.9089083161214648,1.484252535153918,1
0.9089023014302088,1.421691396832427,1
0.9087638349529024,1.4374956480395988,1
0.9087562171164556,1.4099239623409054,1
0.9077901813031064,1.5637421784402945,1
0.9075182283379584,1.325918490251479,1
0.9072133204362716,1.4175407661493888,1
0.9062693476455848,1.5021347543659138,1
0.905329121259892,1.4254453279478412,1
0.905308751913412,1.1930321324965472,1
0.9044214558397224,1.6025185972971858,1
0.9042310552006092,1.4872036661959014,1
0.903818068057912,1.4446651397179615,1
0.9036608474713024,1.5573599305763115,1
0.9030639232659308,1.4690279734885747,1
0.9027065186113344,1.5670106606804026,1
0.9016666038993452,1.3861924434043784,1
0.90034685255355,1.4927840853881895,1
0.9001902057947492,1.4206493301538905,1
0.900129584162297,1.5331716644040672,1
0.8999385947783057,1.470126485944127,1
0.899776418542228,1.5302204867554123,1
0.899623469268736,1.4689291138366722,1
0.8928493571882096,1.2821589372763793,1
0.8908060171735043,1.451862702198925,1
0.8896957249698009,1.5151431616236497,1
0.8895357319882721,1.451510908078001,1
0.8893432969121241,1.5430134641324853,1
0.8892446177165333,1.4402307494949909,1
0.8875078452959569,1.4553562203570578,1
0.8869526459327485,1.5084768743191048,1
0.8856260741798642,1.527130827010161,1
0.8855340742166026,1.5377291258177843,1
0.8839595710606188,1.395521293066572,1
-0.885285754201489,0.6710366452100391,0
-0.8849091524227539,0.4079096156297521,0
-0.8845062487628835,0.4591649569539513,0
-0.8835632537049048,0.6927604266165288,0
-0.8822468916487359,0.4511749038191588,0
-0.8820790676181548,0.4938582322882089,0
-0.8809478697531957,0.5544046876426455,0
-0.8800274105160028,0.5037964885979178,0
-0.8793998972832805,0.6249549677386088,0
-0.8788539985621656,0.6026301993613912,0
-0.8780712481818487,0.5885006583628533,0
-0.8765832890019065,0.5959717787488755,0
-0.875312665610369,0.4522177220783993,0
-0.8749470143787612,0.6681990490601917,0
-0.8741083619413322,0.6924416487648863,0
-0.8732107230331988,0.6672485185073581,0
-0.8725293781673609,0.5422000342031901,0
-0.8720065925672102,0.6772357002651671,0
-0.8713447135473624,0.644579195712448,0
-0.87129213413924,0.6669530932283074,0
-0.8694091657882904,0.5419546813557913,0
-0.8688343644622647,0.5857041754375368,0
-0.8679243839784714,0.7200326295616222,0
-0.8678825415841305,0.5374881845643843,0
-0.8656948764985993,0.6256064251360773,0
-0.8648385423257742,0.6256763532636348,0
-0.8638695217881605,0.5388903847315133,0
-0.861683569158085,0.6027868090681037,0
-0.8616173703700402,0.3291060496384132,0
-0.8608131623358795,0.6305314821571393,0
-0.8592968075804889,0.8035577885774923,0
-0.8589058182456433,0.5360248503548534,0
-0.8582581712135451,0.5708312863388575,0
-0.8575957265346167,0.7186785518192194,0
-0.8568660606039951,0.5336806410290514,0
-0.8567322398337127,0.5280593901204462,0
-0.8563830894784522,0.6363831270024813,0
-0.856241382406772,0.6985437727574314,0
-0.8555095176614372,0.5401997099726417,0
-0.8548272538857472,0.7180078602744643,0
-0.8538160225540373,0.6263037779840005,0
-0.8527086267791854,0.4707557942990352,0
-0.851626591913634,0.6598360089088747,0
-0.8512628682167813,0.6681326504844471,0
-0.8508321756644391,0.5647586496932396,0
-0.8505000610908926,0.6299294579016077,0
-0.850385714434102,0.6960326007848405,0
-0.849523518557455,0.5500742472144711,0
-0.8494833991631126,0.6275053067304309,0
-0.8492837120845544,0.6464446951817634,0
-0.8479194281696268,0.6039144115094253,0
-0.8475964604202917,0.5569438753133485,0
-0.8453000581808376,0.6152238527037901,0
-0.845134815349405,0.5744451267489715,0
-0.8450218669618097,0.5964068274733315,0
-0.8447960864436004,0.6858416716066209,0
-0.8439044288466468,0.6383658787050212,0
-0.8433703176137707,0.7549026575844902,0
-0.8419031201055309,0.702541853707584,0
-0.8416744957144053,0.8432794469968968,0
-0.8392047351143673,0.7912035125772798,0
-0.8389341276001729,0.6284897666561017,0
-0.8386214044176644,0.6623429690059258,0
-0.8363926676242293,0.6967848201966819,0
-0.8362981013222086,0.6877453692293681,0
-0.8359420498535298,0.5185965737537988,0
-0.8343770772199414,0.6143276438451423,0
-0.8338651126319747,0.6603362565437544,0
-0.8333132721460564,0.7110171987782622,0
-0.8329031495589637,0.5959623383175787,0
-0.8326059096041851,0.6230054782969081,0
-0.8318243545506943,0.5922187964801493,0
-0.8318224175003284,0.7089813199800715,0
-0.8309865345760697,0.6514784365684694,0
-0.8281329602440984,0.5760821133145854,0
-0.8260962905497412,0.7394838525736885,0
-0.82411640127132,0.6908653536374365,0
-0.8221148000849917,0.6680097971992313,0
-0.8216383976435775,0.8683384290671816,0
-0.8208196681405954,0.798388827557763,0
-0.8204315735410057,0.5534323153899012,0
-0.8201600879153472,0.6768755017483271,0
-0.8197049639566772,0.6847643279485095,0
-0.8194216551690564,0.7116516001658709,0
-0.819257766846789,0.561770800572766,0
-0.8191169273431067,0.6405890805677975,0
-0.8188130031550008,0.5938749098145962,0
-0.8182340362781919,0.4696842128269968,0
-0.8180290447810017,0.7501439504803105,0
-0.8171822245513172,0.6255469651084755,0
-0.8157204085588041,0.7902071708133453,0
-0.815695169257996,0.7050459348006874,0
-0.8149762369306781,0.6988613726448641,0
-0.8148081265590149,0.5759417882733255,0
-0.8144546523192399,0.6706674129274397,0
-0.807878381417138,0.5588602252292002,0
-0.8076272739730023,0.6966747115708896,0
-0.8073922212556962,0.6095237288665086,0
-0.8064230912632576,0.6741897941160826,0
-0.8061981908247514,0.5926269312891538,0
0.8820853776757626,1.502975617999602,1
0.8815073660907161,1.3947785290400168,1
0.88150519997502,1.3596188006217496,1
0.8801388157027664,1.2700426653884846,1
0.8790894018243832,1.3473448252403657,1
0.8787094126782208,1.3014902198318343,1
0.8786883901014008,1.4325929896640848,1
0.8775451462685054,1.4196907210987768,1
0.8753703998108692,1.3138465863075062,1
0.8745515384376056,1.4723644577642985,1
0.8738502069962909,1.5385509261901886,1
0.8735880941772164,1.4178781379763274,1
0.873323210266587,1.301106984663802,1
0.871287868528133,1.5645788014210118,1
0.8710686822842432,1.5100511972497173,1
0.870583904909683,1.4070425438834624,1
0.8699767882636472,1.4122321201565464,1
0.8698939987428368,1.3920977250389788,1
0.869739781080776,1.3871526231916482,1
0.8692089556135271,1.3325137232296471,1
0.8678238013619762,1.3405497258551038,1
0.8675728370693517,1.42465826011938,1
0.8662993382387768,1.317885976635408,1
0.8658980301643228,1.3174172381487608,1
0.865602306202563,1.5063844596681004,1
0.864107286351853,1.437017418912412,1
0.8640871952073347,1.4416748326511628,1
0.8635828643267324,1.3966466461337508,1
0.8619723738083588,1.319183225668741,1
0.8603231132292152,1.4838748576048213,1
0.859884731616995,1.4500078138060264,1
0.8598535805548809,1.564042877664596,1
0.8595118065642232,1.4652519213431814,1
0.8579333222140056,1.2808706588146013,1
0.8577686238610817,1.3268349492789606,1
0.8567870874972537,1.4266129301066872,1
0.8563102628254732,1.3726003015993538,1
0.8561514799705975,1.375398318912747,1
0.8560422994962978,1.430640930097932,1
0.8553736127495329,1.343135484716872,1
0.8553518615453425,1.3531645830560548,1
0.8550055902667318,1.2595140028569336,1
0.8527080022391597,1.4023503185184127,1
0.8518687778121193,1.3640556383099225,1
0.8515124084621851,1.3164487250851518,1
0.8500113973960616,1.413584498645316,1
0.8495593738042649,1.4107141208561456,1
0.8494819379601385,1.4313572366509204,1
0.8483301995845268,1.3862440154044544,1
0.8481761758278282,1.3926056244501244,1
0.8467752763203439,1.443285517192554,1
0.8464288112908128,1.3578212438636514,1
0.8458172860450265,1.4703210836875305,1
0.8450040896391177,1.3121145372757148,1
0.8438671527999647,1.3376547340577791,1
0.842772423418693,1.2737571843953042,1
0.8410390578996937,1.3924342421200115,1
0.8410335449518848,1.2835519163852989,1
0.8403773496122219,1.3310495441638035,1
0.8399802808914375,1.2878279706632385,1
0.8397806034876755,1.344309337068044,1
0.8386740213009455,1.438897946630136,1
0.8386396045766044,1.4989992689975329,1
0.8379169440463606,1.2529117164160597,1
0.8374642820855726,1.3019065240144032,1
0.8364897391617693,1.4219938853233818,1
0.8349333628195194,1.2969936435265508,1
0.8346228511602926,1.4035995655552156,1
0.8342886754759816,1.4289430983245144,1
0.8320076318248583,1.1567776268467198,1
0.8308658855345513,1.3459451415716313,1
0.8287887303864802,1.2511108616481332,1
0.8268002611776796,1.285032007646072,1
0.8260359242549998,1.3560759929916566,1
0.8249175883905809,1.2493054945693425,1
0.8246662396839924,1.297848005752486,1
0.8240530050701819,1.2501403928006107,1
0.8234450728018013,1.4667912619394432,1
0.8213808059955764,1.39557235295695,1
0.8183219657192705,1.2362486262874166,1
0.8167610845040266,1.289242219803335,1
0.8162960286382234,1.2408249423743352,1
0.8131619502571418,1.326500007086572,1
0.8113555342920465,1.2852260806329172,1
0.8109303438860184,1.4031696222539511,1
0.8108864544650806,1.3576243958734189,1
0.81086181633442,1.411470845373248,1
0.8107592209219104,1.2943039656452051,1
0.8083772974099669,1.3056327653031796,1
0.80788236542966,1.4549207677780267,1
0.8066537112225348,1.209993333624784,1
0.8047220698346308,1.347405644478032,1
0.804415906725006,1.3768240083762209,1
0.8036619003257696,1.3131302362311028,1
0.8034682751332568,1.4041461596582931,1
0.8033016210152554,1.37941410459857,1
0.8031332414611257,1.3456114714316243,1
0.8026519574549172,1.5195102790405342,1
0.8023066476631512,1.3961924714127834,1
0.8014322208973569,1.3970870119624814,1
-0.8051871542625558,0.7062226628371779,0
-0.8050657001100497,0.6848314681059184,0
-0.8033772020684647,0.6907034602362235,0
-0.8033768134257079,0.7068062766343147,0
-0.8033564657646388,0.7380414548285621,0
-0.803346671425195,0.6678315883149339,0
-0.8018277813764125,0.7141949511179638,0
-0.801264742852897,0.656615322341752,0
-0.8011747635119392,0.7018102810862632,0
-0.8007010112875314,0.7270102251170742,0
-0.8002774146575594,0.7664785810860006,0
-0.8002631314767926,0.5783019277638183,0
-0.7995648102088281,0.6534754388025099,0
-0.7984610829478753,0.6675943331101447,0
-0.7979514186420474,0.6348236837241912,0
-0.7958977153780935,0.5834721072873053,0
-0.7950891371736865,0.6993488891564532,0
-0.7945087448820979,0.7115148608158978,0
-0.7942517556022125,0.7439363793346235,0
-0.7940703798553106,0.8088484225170688,0
-0.793553937720473,0.5963597285099228,0
-0.7927210301193367,0.6451249650935484,0
-0.7926665232711487,0.5931789334347253,0
-0.7898572853020728,0.6202210268994275,0
-0.7894500453463831,0.7878430080967139,0
-0.7892968841512075,0.7922292088848485,0
-0.7888467269578118,0.7235452592096491,0
-0.7887828385516237,0.7439144550834756,0
-0.7885989144902213,0.6908893589880434,0
-0.7870456937914733,0.7236750275392625,0
-0.7845656616146056,0.7322334812330482,0
-0.7838958646939026,0.5562969685809116,0
-0.7830837674571586,0.7426362140203766,0
-0.7826956837895643,0.7094937967900452,0
-0.782178398975634,0.648349658224435,0
-0.7812159564436826,0.6347429257431695,0
-0.7801438695541474,0.7155144465021201,0
-0.7769127795835327,0.8301204145094908,0
-0.7768293186831887,0.5771331485275825,0
-0.7768039508043824,0.6673146873222735,0
-0.7736597860763229,0.7829309614202712,0
-0.7727394781385699,0.683123456621059,0
-0.7712459019650567,0.7000241856023991,0
-0.7709308742022369,0.6006772042780479,0
-0.7705165176299937,0.6656633455177082,0
-0.7702614015671418,0.7205182484619587,0
-0.7685617122103928,0.9464527243323348,0
-0.7685192426670638,0.6621528941981271,0
-0.7684253980821745,0.7408798228851463,0
-0.7666336242934922,0.6862714783199362,0
-0.7659479334460718,0.8847067161649922,0
-0.7652063358509591,0.7558574244875024,0
-0.7647458179431842,0.815553511417787,0
-0.7643244483718422,0.7345154456186929,0
-0.7639628378704969,0.7307477525011932,0
-0.7631651969257502,0.6961768254534888,0
-0.7620377702537838,0.7363567793010957,0
-0.7612960636151528,0.6540848211887799,0
-0.7606407153353013,0.7801835876190034,0
-0.7597498844587643,0.5857956270144434,0
-0.7573910936026409,0.6958942128922508,0
-0.7569579443804464,0.7608438336371978,0
-0.7538876844766152,0.7947227328520698,0
-0.753362608723436,0.7270175978677138,0
-0.7522633787145157,0.7121514466768635,0
-0.7515873312624985,0.7190508805080108,0
-0.7509711718667296,0.7530315817742395,0
-0.7486156119525054,0.6915230905610056,0
-0.7481346484742982,0.8273929565694805,0
-0.7474931303803445,0.8396791965737818,0
-0.7464424430576416,0.6620710823008382,0
-0.7450737586357775,0.7281132964350359,0
-0.7449099153485907,0.670579613526958,0
-0.7446811028057666,0.7382469162066719,0
-0.7444693684664578,0.7241975081235084,0
-0.7432972727389665,0.7104163535755236,0
-0.7423227174828375,0.7118502500434163,0
-0.7397646563081748,0.8316302401478733,0
-0.7378585460256373,0.7101980331141486,0
-0.7376379402083674,0.7272263618729259,0
-0.7360763262165589,0.6656718533379009,0
-0.7304492830843817,0.6549695696707388,0
-0.729371344042962,0.7873397830467775,0
-0.7293468307219327,0.7364378823420056,0
-0.728276145011088,0.8070439505160968,0
-0.7266865252043562,0.7884694106611877,0
-0.7260128334047347,0.6790022183903298,0
-0.7237823719815577,0.8190766110163279,0
-0.7227322894969811,0.7458640329719202,0
-0.7207732644715757,0.8039256686782335,0
-0.7199514971123352,0.7906748400562157,0
-0.7196477511461572,0.7164691797108454,0
-0.7189131818283729,0.6981632906037493,0
-0.7176232310110974,0.7231010061246745,0
-0.7172735299463717,0.7289267703321255,0
-0.7161473414126899,0.8398323972973379,0
-0.7161163518110091,0.9033417293473752,0
-0.7147685505352239,0.7557288879971862,0
-0.7145121702008786,0.8483003711116266,0
-0.7136953899001028,0.7207709484652403,0
0.8011340257651348,1.1916572991980878,1
0.7993450266600269,1.2915124223619967,1
0.7993292041426795,1.2848977948447708,1
0.7989052517642018,1.3263585717295323,1
0.7978770815781809,1.1762431445451924,1
0.7978379947690196,1.3467749560381166,1
0.7972671280525637,1.2358158339751353,1
0.79679758525544,1.2711883458598927,1
0.7957456843368639,1.2634303722368707,1
0.7944588502835873,1.3262862371729578,1
0.7939836881889862,1.2904540616029294,1
0.7921149182627408,1.3376526342583728,1
0.7920577079546919,1.2479007891658749,1
0.7915585404613418,1.2599438079508345,1
0.7914218315863469,1.3544158582451709,1
0.7890172160996077,1.2930946322440766,1
0.7883463944680068,1.1477075805101202,1
0.7865788079683386,1.4267850086300136,1
0.7861157265981756,1.2969679032224897,1
0.7861087787816557,1.3329499405622522,1
0.7859868739230468,1.318079726176243,1
0.7853777420467819,1.3359821926073054,1
0.785283868138107,1.3217522806971065,1
0.7851287855139949,1.3341921770484009,1
0.7836715316079984,1.309859555245011,1
0.7833259487561716,1.1520142909782822,1
0.7830242744741848,1.2156821898519092,1
0.7814220822844066,1.4457337194771824,1
0.7796001186143472,1.2166783287254108,1
0.7783182973655193,1.4472440003801834,1
0.7773930041744598,1.2945838223433042,1
0.776415873246379,1.182531225969362,1
0.7760180114283485,1.2572152319071677,1
0.7754441849832664,1.1639434469578351,1
0.7748375097226116,1.3754173804708607,1
0.7740238469918196,1.285941324162247,1
0.7737128601086553,1.2851847410437984,1
0.7729817816929544,1.249948392236656,1
0.7729488916059132,1.399606429838903,1
0.7728049246920116,1.400381528101594,1
0.7724404755387383,1.309323155434413,1
0.7723146776624584,1.2476850302146263,1
0.7708946155372017,1.4357195492913295,1
0.7690103713390589,1.1501363374068927,1
0.7675497367127578,1.4051670434452086,1
0.7674201791768257,1.292737880510696,1
0.7629066707570898,1.2228687638994054,1
0.7623219963855713,1.3669476156666198,1
0.7618794895140198,1.199363239513138,1
0.7618322659938869,1.350772575874308,1
0.7610652630277867,1.1739667425893003,1
0.7603842802363242,1.2503022591182849,1
0.7602612366906806,1.13338838251787,1
0.7588263006619352,1.2824223918026556,1
0.7578621086692056,1.2148950295007794,1
0.7573337993606851,1.2763251167184195,1
0.7558195381785716,1.2395261521190024,1
0.7551898127999933,1.2875760290271057,1
0.7544908305671459,1.21583468848891,1
0.7517981820907805,1.2986488330113766,1
0.7517764047277468,1.149500638425069,1
0.7500102742824654,1.254658869515476,1
0.7494968301655415,1.361903996091545,1
0.7477826422964097,1.2152631365382258,1
0.7477654332301858,1.2784454757490664,1
0.7476943929816912,1.2346261302622608,1
0.7455266354028695,1.2110649083751943,1
0.744917671752272,1.219706301267578,1
0.7443439988111858,1.286494699651386,1
0.7441875908607859,1.2739929009154702,1
0.7427842900325253,1.2298126858726983,1
0.7402120144921834,1.269766401157756,1
0.7392231714843626,1.1908088231952114,1
0.7382545453768193,1.1561391449768543,1
0.7369093847633076,1.369360585184359,1
0.7358882145213218,1.2876022802517897,1
0.734394836541116,1.3047568160245993,1
0.7329509070675716,1.2587586982946235,1
0.7317415663814889,1.1593478866921585,1
0.7310999584448347,1.3466761395894573,1
0.7309601429320504,1.1953162264482315,1
0.7290854898193734,1.1816849016770197,1
0.7287026753186024,1.23377280212463,1
0.7286471014850097,1.124112868956558,1
0.7283736628053593,1.3691782925467495,1
0.7279222254969725,1.3103222468478166,1
0.7272649440189362,1.166620770189616,1
0.7259186409772295,1.2403622234447853,1
0.7254387597274742,1.2242438785571013,1
0.7211533096712602,1.245725858492427,1
0.7210571985452069,1.168461174502268,1
0.7206202097674482,1.252790775038172,1
0.7198159569699832,1.1751528045266917,1
0.7180798343280593,1.2163507788635397,1
0.7159892732516276,1.0783353473200128,1
0.713950556949107,1.2817489918833196,1
0.7137306205372372,1.299391464548649,1
0.7131178573263656,1.374856256438611,1
0.7113518341394015,1.3108270559257007,1
0.7108225122995356,1.138612827325607,1
-0.7116917921685003,0.7079411035385909,0
-0.7113458950113433,0.7909978721496714,0
-0.7095478478684489,0.7799200927454171,0
-0.7095020482589217,0.8833586859333481,0
-0.7086487763166411,0.7806300759788639,0
-0.7084418855486139,0.8477598780084291,0
-0.7065201656341408,0.7983789613463618,0
-0.7051411525909906,0.6774150313060612,0
-0.7051238736468239,0.7420637060849024,0
-0.7043218668330041,0.7419673518740186,0
-0.703014306909869,0.7076877752830221,0
-0.7011956248177642,0.7110497973359716,0
-0.6994965834669508,0.7373029244509144,0
-0.6981109309332539,0.8355841707021886,0
-0.6966554781780303,0.8255333677882055,0
-0.6957844506444526,0.7988597964903763,0
-0.6956453412512092,0.8692806662256374,0
-0.6950911464773305,0.8538242062857765,0
-0.6945929484243097,0.7352880575959543,0
-0.693519716141483,0.7446373940446691,0
-0.6933872116265369,0.8530515751100151,0
-0.6929850348880504,0.8480934498917873,0
-0.6898813443803872,0.7888005056569484,0
-0.6883020794426646,0.8314188556745107,0
-0.6882104060134077,0.7457769161640833,0
-0.6875596895982073,0.760935364509394,0
-0.6869801819535383,0.7405363176567505,0
-0.6852714823290085,0.8487723866036373,0
-0.6843949541713876,0.7701096011948109,0
-0.6837176051355437,0.7919182931254264,0
-0.6831084746276053,0.8417088048057719,0
-0.6816457850585115,0.781235169313359,0
-0.6814525655049027,0.9288436979065668,0
-0.6814172374600154,0.8474652381344921,0
-0.6808274967126532,0.7994119379722807,0
-0.6799583532710146,0.8051527598555568,0
-0.6797963705285535,0.7536987504936191,0
-0.6787279662028766,0.8112648033141863,0
-0.6779849170949122,0.6959296221599488,0
-0.677503085935068,0.7558018376256537,0
-0.6767979066530585,0.8797677601719859,0
-0.6755200882022667,0.7787229926905614,0
-0.6744489519911971,0.8098900717955964,0
-0.6741126276311092,0.7048820642807347,0
-0.67378584774074,0.7524371919528738,0
-0.6721531828141851,0.7159090237906321,0
-0.6710915543485804,0.7381020144799234,0
-0.670952096887323,0.7956809753854588,0
-0.6690947743634726,0.8771996150622082,0
-0.6673409639990092,0.9083520026679012,0
-0.6666544413529263,0.7298715017038675,0
-0.6663077357736676,0.8782885636939305,0
-0.6649295979341298,0.7654255485126191,0
-0.664908373790429,0.7968748710777176,0
-0.6643613899445922,0.8355307382234858,0
-0.6608081405700069,0.7165666126525809,0
-0.6586317945978284,0.8136415484429199,0
-0.6578735219679529,0.7747996849151414,0
-0.6569097506858015,0.7757659107035083,0
-0.6556618181839406,0.8081347339433134,0
-0.6555573127250339,0.8236434146132913,0
-0.651780262048877,0.8104058399937673,0
-0.6478667080498884,0.8054624651685062,0
-0.6472710272734368,0.8757169326255602,0
-0.6470437922231413,0.8530847933171549,0
-0.6464740675473426,0.8374866202602094,0
-0.6459795715439123,0.7593659201480847,0
-0.6452076884127644,0.8827433989144602,0
-0.6446264167887693,0.8071157386136429,0
-0.6435500331351003,0.8183475741284629,0
-0.6416787110680732,0.8223092432900089,0
-0.6402448543629543,0.8174843526028549,0
-0.6394410325423209,0.8850158860436605,0
-0.6377752278979053,0.7811863192208679,0
-0.6373390588780978,0.6958041057369713,0
-0.6366959847677504,0.9175719260281148,0
-0.6343439992838585,0.8099370338525856,0
-0.6338839655248905,0.8332163621303127,0
-0.6335777451489535,0.8699400797739263,0
-0.6334544722693288,0.8743506366035728,0
-0.6331082051715148,0.8023946737975715,0
-0.6330928388132105,0.7298832511044518,0
-0.6327213705148751,0.8715009257197258,0
-0.632267862999002,0.9086812576310952,0
-0.6309005918911129,0.8740354617517858,0
-0.6303153034190819,0.820081448157498,0
-0.6291068584796979,0.9268283646097228,0
-0.6278167338345938,0.8347060920745842,0
-0.6273756672303764,0.8079077300318076,0
-0.6250146724381752,0.8966486615788443,0
-0.6244420090273932,0.9192097495415904,0
-0.6235712710008317,0.8159230827885665,0
-0.6231452534712892,0.7953026272650979,0
-0.6196888056190177,0.7787528687441823,0
-0.6194056316035622,0.8396266432651911,0
-0.6178113910332085,0.7938193711870626,0
-0.6175766480631008,0.8044742401586465,0
-0.6144409592918275,0.8274499961307153,0
-0.6140597134355456,0.9138714414683892,0
-0.6136616598387065,0.9185512124915132,0
0.7101205455717606,1.2514679863550864,1
0.7099335759437279,1.2357205999557237,1
0.7077171940776287,1.253219815045672,1
0.7041385492843716,1.2180076004880234,1
0.7032276198786228,1.074554000569103,1
0.7022352295026789,1.2215817814737897,1
0.7010024332675974,1.1592822004504073,1
0.7002977334634616,1.2540461419076143,1
0.6997080137652397,1.2351211221805172,1
0.6989773634773212,1.2232425323755256,1
0.6978662838668647,1.1312877354079032,1
0.6964256184658933,1.1998846091329487,1
0.6949020370985391,1.1263330279761905,1
0.693804045595119,1.1601113025525416,1
0.6934895817212893,1.1200208042485345,1
0.6934070739091579,1.1842425528213694,1
0.6933042373623587,1.156792685037253,1
0.6926675832467112,1.2159414061862783,1
0.6912150079727978,1.344687977329776,1
0.6911961765749647,1.3348502940945957,1
0.689312038999265,1.1758435542912031,1
0.6852245254168486,1.1221221690748475,1
0.6850925102962065,1.1801413215524286,1
0.6847500375542447,1.2021404455652172,1
0.6847449738213839,1.306242607773166,1
0.6844192193173252,1.1368063659399987,1
0.6821477065370886,1.2425960303823458,1
0.6816977813485158,1.3218809221265753,1
0.6814778022613569,1.2658924416797452,1
0.6810640474897077,1.1705737111287096,1
0.6804907931475562,1.2648893151099496,1
0.6783625766970499,1.2755273469040431,1
0.6780424752724087,1.28856069124526,1
0.6771304698232982,1.1278352675394443,1
0.6767599597772428,1.242422297786736,1
0.6740513362016954,1.256596936842696,1
0.6737861458986861,1.2083942528865248,1
0.6706906173822392,1.2053213392702924,1
0.6704707322534965,1.135123438674159,1
0.6694330484650196,1.1930650404177991,1
0.6682401915669177,1.2036729066587266,1
0.667705105984325,1.1153112016508466,1
0.667675614012262,1.227866957843997,1
0.6675371178103505,1.163143685507393,1
0.6673573580641298,1.204027965884556,1
0.6668875000230617,1.250315560747108,1
0.6650998872348232,1.1571739609201432,1
0.6613488370796233,1.1865756453883516,1
0.6611412850887933,1.1470704716756006,1
0.6596971180238668,1.0851366899617283,1
0.6596272992672186,1.1541495771945578,1
0.6595191321628692,1.184981774002383,1
0.6582801459499911,1.0602798276230812,1
0.6563128199612546,1.2351517525443054,1
0.6561353234867061,1.184343623311009,1
0.656105896471103,1.318539876832179,1
0.6549964279148687,1.139234406973765,1
0.6541120327657796,1.2332050330399935,1
0.6522661125107995,1.2566134269493483,1
0.6492029750728777,1.2189272060772685,1
0.6487717552075766,1.2371058417093748,1
0.6486512775673933,1.2173012045443996,1
0.6458975504121075,1.2090089262472152,1
0.6454643514237212,1.200411739033728,1
0.6439132187605893,1.1556564363095667,1
0.6437818451579257,1.206406681120925,1
0.643696162201682,1.238562790716951,1
0.6430776862587809,1.3072216400357444,1
0.642811367020698,1.0381424657852405,1
0.6425410889012232,1.123501075573509,1
0.6419940253867172,1.151325651942484,1
0.6419686306912206,1.1516996340927113,1
0.6415056871315582,1.1645912938329304,1
0.63961602993348,1.141774390095147,1
0.6390732092983405,1.1917566839155675,1
0.6388299918657226,1.1630157948989022,1
0.6385348052548837,1.2322463970883708,1
0.6384345201481841,1.1138618162946896,1
0.6377591782330573,1.1932224226191344,1
0.6369196239039167,1.2635874633048028,1
0.6352108690842221,1.1773127097018272,1
0.6336969461085186,1.1894669360212906,1
0.6324358442176822,1.1985865233454724,1
0.6315101010906333,1.1105455965415043,1
0.6307416196933368,1.1076455140863812,1
0.6305858733095949,1.0983550155415502,1
0.6295970638696106,1.2002229526262345,1
0.626718537978804,1.1323212444786812,1
0.6266104600317816,1.1917263667502465,1
0.6260203435878332,1.1557077849095727,1
0.624829692889099,1.2437992482957418,1
0.6233374805410964,1.1968741815980102,1
0.6215156283106938,1.124087483423144,1
0.6180072475910824,1.1363134079749102,1
0.6164308591070397,1.277995540854005,1
0.6164252427653812,1.198617934138373,1
0.6145787619166835,1.1639497269798884,1
0.6122226404368932,1.14469934867945,1
0.61093031472995,1.0676376781490142,1
0.6063977159855484,1.145577693519273,1
-0.613381612755776,0.8397918117461934,0
-0.610958007353149,0.8441885228594251,0
-0.6108578467405934,0.8461496473905602,0
-0.6104468113192982,0.7993362419397341,0
-0.6103289147922107,0.8325745929732032,0
-0.6091385582407282,0.8877041380961026,0
-0.6077386835400281,0.8243032603492328,0
-0.6068254653314183,0.8540202846176297,0
-0.6042219011221628,0.7211425131264906,0
-0.6030661303712777,0.7340914790084736,0
-0.6030012858479344,0.8772921172210955,0
-0.6018124704939014,0.9129051065392076,0
-0.6015751337507557,0.8329969403663889,0
-0.5988265560711903,0.8134532194597581,0
-0.5983116969452831,0.8309483898935787,0
-0.5974970075718963,0.8447886749225978,0
-0.5942967086026847,0.8449175172151356,0
-0.5937471893920965,0.8145561955854574,0
-0.5933464484873072,0.9212193193235608,0
-0.5919074948125715,0.8378460868495766,0
-0.5914656437639417,0.7959151709386589,0
-0.5912752520886561,0.8389781659184979,0
-0.5912185712161098,0.8517578959530931,0
-0.590910234698591,0.858461761067711,0
-0.5905869088774939,0.8240394298782641,0
-0.5903895495457335,0.8942387564462949,0
-0.58970640521199,0.8886366271947796,0
-0.5894848409370017,0.9004912709328325,0
-0.5893983927862962,0.9313473862965062,0
-0.5893643896211436,0.8993628984627299,0
-0.5873611535050298,0.8505429322277577,0
-0.5865853098086343,0.8969603103095851,0
-0.5853364358298089,0.9080760287592492,0
-0.5842728416268868,0.9621438438977484,0
-0.5832913534897324,0.8362546082212188,0
-0.5819594913056514,0.8099455634633057,0
-0.5818713816044633,0.7986894725148102,0
-0.5801623466086514,0.8918285159138091,0
-0.5785614887426459,0.7650268549399029,0
-0.5771052463208984,0.7813138168601629,0
-0.5754778341963805,0.8853288734433371,0
-0.5746488197691175,0.8964981307611947,0
-0.5745038135105376,0.8790481161814746,0
-0.5740503004867128,0.8821242533312209,0
-0.5727112552312045,0.9013958033284172,0
-0.5719795655355556,0.8063459480489464,0
-0.5711373238800307,0.8947901527389599,0
-0.570797572813184,0.9557589065806988,0
-0.5692708827829672,0.8886362190279866,0
-0.5685662162676384,0.8994163471155302,0
-0.5647294496237429,0.8657255915955446,0
-0.5628197046073442,0.8782046108949985,0
-0.5606871743033012,0.915408261278096,0
-0.5602203110606491,0.9126550042048722,0
-0.5595428565510261,0.8642139657724169,0
-0.5593800576810664,0.9165432055337994,0
-0.5574406639953058,0.837820925861415,0
-0.5495547979491324,0.8601867684130908,0
-0.5483732440532916,0.8122025073550708,0
-0.5482832397797025,0.8034476590383323,0
-0.5478010706268396,0.9049666350884392,0
-0.5466799700070304,0.8849285435748988,0
-0.5463631301514956,0.901963010652692,0
-0.5460022857725124,0.911531117716434,0
-0.5452930795645857,0.9453939944134178,0
-0.5440862447549434,0.8009907377707601,0
-0.5432200016000289,0.9970778222563316,0
-0.5406315263999736,0.8354038215901293,0
-0.5401854474263537,0.7968611983687119,0
-0.539561248572862,0.8054602552471429,0
-0.5389907940802975,0.9225003608396476,0
-0.5378695139326165,0.9259767258841496,0
-0.5374630170686342,0.88509112753987,0
-0.5372982909217134,0.9173936047522316,0
-0.5370559757546295,0.8727419449701798,0
-0.5366819864170912,0.7749371297031761,0
-0.533922761408641,0.8491464677434841,0
-0.5319989862196552,0.9122797347383832,0
-0.5317654013137024,0.870411509170135,0
-0.5293725368409038,0.9382343558433146,0
-0.5253001050369114,0.9782703046305028,0
-0.5229212465614074,0.869788048099934,0
-0.5218378666004815,0.8393596357912185,0
-0.5213702396019954,0.9542977628736375,0
-0.5188530273982793,0.9563507391051168,0
-0.5185441551740109,0.9194134021140916,0
-0.5177941382700675,0.9851151117356384,0
-0.51695948072507,0.7801263185316019,0
-0.5165611233407648,0.9288270170917208,0
-0.5160862295134317,0.787994309192131,0
-0.5147291422763502,0.9632032477084176,0
-0.5112028620811393,0.8873642527490483,0
-0.5109581219680285,0.907055317051442,0
-0.5106826156557256,0.9186634382146088,0
-0.5102293910467978,1.0202970603700496,0
-0.5082528362418847,0.9446699014551814,0
-0.5075898329797589,0.8170608686178673,0
-0.5055692778298616,0.9488930996721908,0
-0.5051411045225125,0.8977280869294256,0
-0.5046838260408768,0.91838213218313,0
0.6060134205061397,1.1202034777520686,1
0.6057925637067733,1.2631729346414513,1
0.6057742742684166,1.1396783661597034,1
0.6053599335466932,1.1744223651001675,1
0.604247795437067,1.0801601661101636,1
0.6036803277369222,1.1358168203490144,1
0.6036770613704506,1.1783567724223425,1
0.6023176352130496,1.1294134366996462,1
0.6018837008891477,1.185950989365625,1
0.6018659707789052,1.1132952798946931,1
0.6006371612864932,1.1069404284818116,1
0.6004931252506985,1.259724678305156,1
0.5999233522095452,1.0895629566917195,1
0.5998864175094801,1.1666515870051255,1
0.5994040325123801,1.1330665865182104,1
0.5993282056528112,1.147207677658177,1
0.5992352611177482,1.2610104500610262,1
0.5980819783523518,1.1010335613042928,1
0.5969297485416786,1.0588104561018543,1
0.5931037138250269,1.1394188865278916,1
0.5930719751484109,1.1940814142449028,1
0.5930357134361858,1.0477974810926325,1
0.5925653901988656,1.155519679828656,1
0.5919888934670158,1.2335466183456212,1
0.5888264343228137,1.1638989322772029,1
0.5879679099183542,1.2084865614024505,1
0.585249399327484,1.0871567317860622,1
0.5847633152544546,1.1704250676446517,1
0.582545585633384,1.1757194100448625,1
0.582544178134934,1.1143403712016815,1
0.580284191671855,1.0888455764186715,1
0.5778596624428219,1.1416419402155489,1
0.5774312730082695,1.0648947672561055,1
0.5765644540978272,1.1614164687968305,1
0.5765199483849285,1.141422244949184,1
0.5758110588301956,1.1581190289267609,1
0.5747475102920434,1.0709927131067625,1
0.573876770946655,1.0089754376234086,1
0.571489094696213,1.139556815472598,1
0.5709990526974682,1.17580988168032,1
0.5698931409381951,1.081556396968905,1
0.5681187687957258,1.2260277086313471,1
0.567075752107566,1.0261817988816098,1
0.5669362533103263,1.1731393697314367,1
0.5652006257073258,1.190389480951891,1
0.5611383075227545,1.183881853708476,1
0.5602079991308019,1.0837380761726267,1
0.5572251359178284,1.0494376462266772,1
0.5568094309728903,1.1791758486347397,1
0.5552501250912935,1.1107761413640307,1
0.5551305269977064,1.0854662567623057,1
0.5549532951599342,1.1600158858522964,1
0.5528473363963211,1.1281317745448298,1
0.5512858963442006,1.1193555393908394,1
0.5504168868589351,1.0673746333300964,1
0.5501717670677988,1.163593520183851,1
0.5496735890338137,1.0178176908606278,1
0.5472444058310691,1.0287632177681578,1
0.5470640434632369,1.1222743523600336,1
0.5457853349793972,1.1300890634916283,1
0.5453033592821023,0.965814332123207,1
0.5425694065494362,1.1225160238467915,1
0.5423444341687933,1.159859543728344,1
0.5408681811443341,1.1446743085295534,1
0.540638605009784,1.0365656266755816,1
0.5394180503474628,1.0536649482349234,1
0.5393535336772083,1.0537276890283436,1
0.5391961196614127,1.0730718182440104,1
0.5381072778742299,1.1058258947743862,1
0.5378676452299013,1.1821268200348596,1
0.5363552931409427,1.1453523923588391,1
0.5353117556304392,1.0616634598258774,1
0.535217283976762,1.0537007585331963,1
0.5332681808088652,1.1195865168736143,1
0.5319730118251704,1.1729061200555426,1
0.5292933292310374,1.1885498717970815,1
0.5281179651319452,1.1934983943723585,1
0.5230196238255124,1.2145613739962646,1
0.5222958708483504,1.1496486086874136,1
0.5205551560455536,1.161953737299835,1
0.5193753793983624,1.098012454538949,1
0.5191032714878545,1.060359143213057,1
0.5187607526434188,1.1085205618847271,1
0.5176120382537881,1.0467505124507208,1
0.5172459248150182,1.0622778856392987,1
0.5170163189707301,1.0472830874056764,1
0.5159315211690348,1.089257450637474,1
0.5157696222137995,1.076316657262523,1
0.5148889882716164,1.149352571711022,1
0.5139473317002079,1.144595360192756,1
0.5108173363172898,1.0666712681855894,1
0.5102844131613602,1.051643425979623,1
0.5076112105042704,1.222988732972039,1
0.5059308164805482,1.098775118859651,1
0.5057852909587346,1.104875719901619,1
0.5051998268234048,1.0836486886016194,1
0.5051713019441643,1.079361513092783,1
0.5046125886129832,1.1365066395191066,1
0.5038141071659188,1.1269997559602816,1
0.5033081428673766,0.9913551213594598,1
-0.5026908189762141,0.9801333425820228,0
-0.5019682243646293,0.8711554854947697,0
-0.5005584848489564,0.9235805384015272,0
-0.5003906490456153,0.926923733975098,0
-0.4987410642964454,0.8920871781081939,0
-0.4981457290514334,0.9465250948072824,0
-0.4973703141817719,0.905510448321866,0
-0.4973119076063885,1.072266387653716,0
-0.4970404124090751,0.92445830918945,0
-0.4963057357722221,0.8208254122235579,0
-0.4957126107689171,0.8592731824436313,0
-0.4952299242209134,0.8747693916168565,0
-0.4944227512633853,0.8980016828700852,0
-0.4934319278508777,0.9128828258425457,0
-0.4933532304563696,0.9149321010983388,0
-0.492810417940743,1.0055895866840203,0
-0.4902802492721551,0.9453707974278788,0
-0.4898073187785128,0.9317714272912554,0
-0.4887203172725795,0.9360456200066852,0
-0.4883327729173229,0.9217379657302792,0
-0.4871668424413359,0.8477197487403685,0
-0.4810965122039169,0.9488839360248096,0
-0.4807700613050218,0.9666528190665526,0
-0.480159561565844,0.9608236536348946,0
-0.4785251721598421,0.9262897022296444,0
-0.4780292625548917,0.9456069964573393,0
-0.4775439112985356,0.8416012941720389,0
-0.4769304297107312,0.9161417603112196,0
-0.4757951758291135,0.9026977342907282,0
-0.4751947084305697,0.8908884143561497,0
-0.4745379024472332,0.9420251446580392,0
-0.4737123626628581,0.9215296070039042,0
-0.4707421227573142,0.944591131994106,0
-0.4699860156877101,1.0000864342354074,0
-0.4684901487124073,0.9222692207547852,0
-0.4680671981566955,0.9254189840459568,0
-0.4675061509482616,0.9844457000210932,0
-0.465581061231441,0.839926659323689,0
-0.464883086666585,0.9947152453276265,0
-0.4635173707461859,0.9189505882514432,0
-0.4617404422871839,0.9389343258561472,0
-0.4608387033630561,0.8725981421587125,0
-0.4605778868664453,0.8993162012263822,0
-0.4569350253721662,0.952622130940908,0
-0.4551795684098506,0.9611863207956932,0
-0.4540281875046629,0.9121715076146484,0
-0.4538710454453682,0.8659354774498358,0
-0.4500135482955463,0.9240517159901088,0
-0.4499300252588541,0.8720105532512445,0
-0.4484741458587458,1.0303582271880207,0
-0.4464048491450321,0.9286230541886912,0
-0.4445118126217217,0.9133836171421618,0
-0.443211255437311,1.0173786914314582,0
-0.4414794014760311,0.9175701453833728,0
-0.437587201564764,0.9466215202850398,0
-0.4353540321336634,0.9382283106400172,0
-0.4335827337567369,0.901923172097478,0
-0.4308334051125935,0.9433240539912316,0
-0.430472322030294,0.8961096278429931,0
-0.4294048958020557,0.9672836795623404,0
-0.4283165249643706,1.0702389285326146,0
-0.428195481625463,0.91136398965834,0
-0.4269757802353299,0.9166031895971096,0
-0.4249675167572914,1.01596730159432,0
-0.4236022358509995,0.9876547421722454,0
-0.4203290257339768,0.8377313839956712,0
-0.4198783240844335,1.03312130425216,0
-0.4197372448868384,0.9373516797499644,0
-0.419732470981115,0.8711222643970119,0
-0.419502992346893,0.8055215797612953,0
-0.4182955340809992,0.9875428604036438,0
-0.4168463763310264,0.8291675417343356,0
-0.4119953610916226,1.016807547019369,0
-0.410005185479277,1.007561386838672,0
-0.4089891438731546,0.9844018829465452,0
-0.408828117250154,0.8945443295282941,0
-0.408278653596162,0.8820255519279716,0
-0.4065847973544264,1.00575731620961,0
-0.404676043456847,0.9528647017866844,0
-0.4036455834750084,0.9338006329418796,0
-0.4014389316322159,0.9139242357696388,0
-0.4006651989841288,0.8253996913604105,0
-0.3994165923456459,0.9255069982022788,0
-0.3975123964401343,0.9240315852657106,0
-0.3946832362899373,0.8711721800359569,0
-0.3905655306188236,0.938197787138358,0
-0.3890117372677604,0.8188398901977367,0
-0.3884014291138101,0.885182224054552,0
-0.3878725148689231,0.902381909758884,0
-0.387381647316124,0.9959900030435276,0
-0.3859382281357006,0.9687072017346988,0
-0.3855973216314964,0.9742405340178352,0
-0.3849101597912595,0.9081143157791118,0
-0.3834163961947646,0.9247000094713164,0
-0.3823928348325014,0.8988874683581662,0
-0.3823125135653317,0.9373096953534436,0
-0.3816892963287098,0.9934878906089628,0
-0.3790290761930435,0.9332331837821566,0
-0.3763700264083631,0.9071589437560236,0
-0.375109581838025,0.9379830724821898,0
0.502921863461959,1.2093247088107844,1
0.5029158335650205,1.1482405710263224,1
0.5010784571457837,1.0210584966957117,1
0.4973965789021145,1.1360481404086609,1
0.4956823981270304,1.1650645208418269,1
0.4944173866948267,1.236714322161831,1
0.4934039399617931,1.174591169512805,1
0.4914366197679192,1.1213407993902706,1
0.4894812955488106,1.0836113603868271,1
0.4861578915502016,0.9931885779083224,1
0.4858941585295191,1.0115976840521004,1
0.4844562803169768,1.159138069001504,1
0.4835384640165293,1.0469280241830143,1
0.4834418696650097,1.0825926982228178,1
0.4828710132212109,1.0034658240478411,1
0.4821054697038217,1.178073025263063,1
0.4811700730472468,1.001686581022163,1
0.4782857115417496,1.1200205917203865,1
0.4778715114330163,1.0131538424153097,1
0.4766152789123408,1.0723862383656313,1
0.4754319097017229,1.0518424968692783,1
0.475339184456152,1.0286172114524024,1
0.473383405412924,1.0683869924060083,1
0.4718999675488129,1.0928542024523833,1
0.4714739290668041,1.1356505001328598,1
0.4674009982864328,1.1896367087829491,1
0.464613267836686,1.0168747967651417,1
0.4638837334259927,1.0248307844863511,1
0.4624219984638056,1.0028293434243882,1
0.4619968828257892,1.2291758010303693,1
0.4610818567740076,1.10240744753501,1
0.4583371360314732,1.0829802092523044,1
0.4582992438654852,1.0524544500435051,1
0.4582318894845923,1.0701887048310943,1
0.4561353368430867,1.1476687743266336,1
0.4541297905016522,1.079126949007858,1
0.4528556103382389,1.042949582891278,1
0.4524025831996968,1.021328084945406,1
0.4516458424539811,1.1830780782502694,1
0.450902395656548,1.0479988880674411,1
0.4495290725268616,1.1024740261442787,1
0.4494559672942738,1.0423871296764595,1
0.4478198654804955,1.0787380126248731,1
0.4476176716014853,1.0392680225255897,1
0.4458145850517924,0.9407403906555228,1
0.4448035987459924,0.9947870020528548,1
0.4435919835082414,1.026873270117661,1
0.4417460325791124,1.1141819966116904,1
0.4414304246196541,1.0926693551435889,1
0.4403813124252665,1.050607366437749,1
0.4378091125538467,1.099907242251953,1
0.4357450538563246,1.0941059216648157,1
0.434635367018313,1.1481421385456247,1
0.4343259390624244,1.0654492865912324,1
0.43293655570342,1.0726210005343606,1
0.4305564996599696,1.058300808723002,1
0.4299177088474076,0.9878394893052226,1
0.4295421884509481,1.0752992376096693,1
0.427483091465891,1.1152221487486342,1
0.4273310460262414,1.0293555107009968,1
0.4259669609057465,0.9881109782235258,1
0.4256941716220747,1.023303126312952,1
0.4254799784009336,1.0342055591960098,1
0.4236332106118763,0.9902925205696648,1
0.4226237234594688,1.1078135651316052,1
0.4225495366150611,0.9227230485169516,1
0.4220800575011492,1.0718970911080197,1
0.420245997611352,1.0525914278534765,1
0.4179744114382775,1.0487582398105717,1
0.4177481237623646,1.0036310914173945,1
0.4174494204964744,1.0173376539450198,1
0.4170321507932523,1.0166016491863517,1
0.4146312529993822,1.138447487155707,1
0.4111309893870112,0.9978734068386866,1
0.4109273058248556,1.0432967636260293,1
0.4105370885232621,1.087874786485837,1
0.4101297733817696,1.0163028905687068,1
0.408700691355563,1.046868328996434,1
0.4084617848512483,1.0833499389647192,1
0.4083460452413692,0.965507774907908,1
0.4078650432652325,1.0418111919105528,1
0.4068751283011181,1.1328276172000864,1
0.4064959168519025,1.0515108157450337,1
0.4048642245334349,0.957052669222775,1
0.4040078082993026,1.084789503418064,1
0.4038157839894177,1.0380157712671558,1
0.4028165765061641,1.0289260696036349,1
0.4027804001875035,1.039169938769553,1
0.4026300821422164,1.0628794862058344,1
0.4017379970788071,1.0421995629443028,1
0.4003332461773521,0.9755135099528012,1
0.3996080507040646,1.166150513056572,1
0.3961433237467485,1.0104633735789428,1
0.3957322013523358,1.0192048746475624,1
0.3952884421162009,1.0741088127029408,1
0.3950678030249112,1.0387817073138037,1
0.3946646302917976,1.0291477689424526,1
0.3944565245574272,1.119128801469285,1
0.3850752196109813,1.121116012294899,1
0.3850006443253723,1.107087283565254,1
-0.3720711361497641,0.9656244440741548,0
-0.3717274281342246,0.9686918581601556,0
-0.3712107254806225,0.8496003036943632,0
-0.3709076750675378,0.9267293824842574,0
-0.3688486875963587,0.9287781490568956,0
-0.3680444875069866,0.9305619260967,0
-0.3672254316983677,0.8957710775834672,0
-0.366918999837406,0.949387074213081,0
-0.3661638991747356,0.9034917354427024,0
-0.3592283529197038,0.9047287288695788,0
-0.3583244964865328,0.9791057144260324,0
-0.3569007274027229,0.9339845748554486,0
-0.3560736758074987,0.8912886684875659,0
-0.3552491250124949,0.9099652602952392,0
-0.3539840912029975,0.9450598064179974,0
-0.3523952892383277,0.8982052410624396,0
-0.3511400729369395,0.914277448300514,0
-0.3506704934878317,0.7799573847082262,0
-0.3491970001173561,0.8909137960922602,0
-0.349033499351281,0.9101986753964189,0
-0.3466054250303974,0.9619914782064236,0
-0.3453143057336429,1.0228004914994495,0
-0.3447645745387269,0.99783093885174,0
-0.3427242436501688,0.9802948822461408,0
-0.3425395776676589,0.9236950343908314,0
-0.3419457123139571,0.9735113783136178,0
-0.3389923781904597,1.030594171553102,0
-0.3376873855124677,0.9645277267502302,0
-0.3375980899500396,0.9156463334884016,0
-0.3369833414052076,0.9582770017645176,0
-0.3356743961585283,0.947771277472018,0
-0.3337446606491994,0.960385740749502,0
-0.3305100486709791,0.9296077986910134,0
-0.3289113188826497,1.007136030255556,0
-0.3282446305772125,0.9444547724344586,0
-0.3280229536514641,0.9230852601830616,0
-0.3248040316244783,1.006335055330024,0
-0.3247721692125231,0.8693692445785037,0
-0.3243154183997723,0.9402382593559582,0
-0.3229942359328714,0.9105642379165928,0
-0.3208754708912533,0.9795382727132976,0
-0.3200507035418155,1.0109984942753432,0
-0.319610470093278,1.007322145528836,0
-0.3184712379192218,0.9848824283827962,0
-0.3182904491565023,0.934660597418481,0
-0.3182504923027378,0.8783345175631411,0
-0.3171243967608064,0.9174578813687208,0
-0.3170754241339285,0.9313473740864228,0
-0.3162141653629219,0.9917111969271236,0
-0.3154275516576494,1.0142058252968196,0
-0.3134669350391801,0.9322461042158146,0
-0.3129181117133902,0.9418731220670864,0
-0.3124005952990942,1.0261593279087844,0
-0.312212886752282,0.9616620456381336,0
-0.3120220998145447,0.9467566670220764,0
-0.3114093552377197,0.9623111920504404,0
-0.3100764717815436,1.134173501638329,0
-0.3090998533170424,1.0031669033116672,0
-0.3083968171982372,0.8851710385997835,0
-0.3056164080185763,0.977258393455292,0
-0.3045274681403275,0.9801896792813608,0
-0.3038896963151464,1.0475995752766287,0
-0.302893866122624,1.0033220439331014,0
-0.3006849101192441,0.944416736785666,0
-0.3004389305534165,0.9168910059410336,0
-0.3000182647791437,0.9437624048461714,0
-0.2990931303853704,1.0127732643099208,0
-0.2989895688218059,0.8931204830894246,0
-0.2982834882264532,1.058747817528256,0
-0.2979139211690464,0.9883909254462706,0
-0.2964383188980614,1.0132483684729925,0
-0.2952635907804473,0.990353803705466,0
-0.2950700753614914,1.068681467868612,0
-0.2939541571105744,1.0357746918231852,0
-0.2934847065166827,1.057567206096425,0
-0.2925452864185264,0.978631281438984,0
-0.2925347486860317,0.9501459334727216,0
-0.290828301334524,0.9702729006138796,0
-0.290211274858739,1.0861784446265093,0
-0.2888726271673706,0.9600770436450514,0
-0.2874751657529282,0.996611045013486,0
-0.2874288472146269,0.966012169837014,0
-0.2874192239941534,0.9912058555181176,0
-0.2868143912710352,1.0038525669622969,0
-0.2845361921635989,0.9791995296311712,0
-0.2814553785246529,0.9562074884402616,0
-0.2809611700518702,0.9878634749914664,0
-0.2782107883086591,1.009191296187264,0
-0.2778929025457506,1.0170012666700123,0
-0.2774395500650556,1.0105773956011683,0
-0.2772874377763926,0.9489905544409374,0
-0.2772351224818237,0.9934796079821606,0
-0.2758525769410178,0.9069519658954224,0
-0.2753238770790818,0.9444916890102344,0
-0.2752274220340399,1.0678947207780969,0
-0.2744277858839259,1.0120391489065026,0
-0.2709768779199806,1.0506224703908078,0
-0.2708182242318456,1.009038572234509,0
-0.2704030379522,0.9396606660855984,0
-0.2693041398993731,1.009335065585648,0
0.378262878412512,1.0856146477833466,1
0.3779491721315969,0.999863924394824,1
0.3776707655566779,0.985325317874527,1
0.3773080433286883,0.9733510722363018,1
0.3731617349254064,1.1427810351439982,1
0.3731587671041417,1.104457849451165,1
0.3725977538039932,1.0054797391926498,1
0.3720318948116863,0.997629708316352,1
0.3703092473068116,1.0864261719333554,1
0.3691526717994872,0.9608877593655168,1
0.3690710082435157,1.1001639246879549,1
0.3686732603135983,1.0043931512110658,1
0.3661179943181188,1.0871417457884207,1
0.3651764665295305,1.0460026010184595,1
0.3644696883235803,1.001553641241994,1
0.3635930254233365,0.9403656875733204,1
0.3628425348294344,1.038730724536783,1
0.3617060608933135,1.055074063248464,1
0.3610432760475827,1.0192539524626545,1
0.3600370678354332,1.0182613318737426,1
0.3590492694357147,0.9722910224979684,1
0.357205678081425,1.0005776399842448,1
0.3561526277617924,1.0129279008928669,1
0.3550303619962253,1.0398946687619306,1
0.3546644678482488,0.969754679375728,1
0.3534736778649903,1.1166112862073754,1
0.3523685169274179,1.0293847343520897,1
0.3499821674816977,1.0859922870046983,1
0.3482450656189986,0.9393472876857254,1
0.3449835821782928,1.0909254981519123,1
0.3448018686016821,0.9768662651616824,1
0.3438101326337442,0.9941336415463882,1
0.3431731896490342,1.0760407390730853,1
0.3431074015255017,1.0552219364731383,1
0.342123711304805,1.0261625044537712,1
0.3382745228715449,1.10661358355121,1
0.3377733875213781,1.1167529012864923,1
0.3365304255815459,1.1695078089180793,1
0.3364936173845093,1.0172690070091304,1
0.3337622840609032,1.0355397656352938,1
0.3333289645575586,1.1031884644565255,1
0.3307006648765475,1.085520646533194,1
0.3304640076014902,0.9759151982401812,1
0.329447511480965,1.0297326815113448,1
0.3291293763914035,1.0081814530983837,1
0.3289601640056528,1.0866013967715875,1
0.3282265297652885,1.1068779261465704,1
0.3272591953639941,1.0873304631774083,1
0.3256878819212223,1.0462798618220974,1
0.3226317044679961,1.0589891222110983,1
0.3217816020372981,1.071705720783799,1
0.3202508268970437,0.9345994841177142,1
0.3200015499830906,0.94666268634944,1
0.3182211312008881,0.955176391524352,1
0.3168905243373524,1.04863015316188,1
0.3116509383064137,1.0122340800418783,1
0.3111937516494245,1.010152743560616,1
0.3111580533178064,1.056690825226312,1
0.3077793047209503,0.9771892758185382,1
0.3074137702909809,1.1393253211978118,1
0.3069554654487708,0.9249623299286098,1
0.3068662889195448,1.0354451760712966,1
0.3057369883399266,1.02011361212343,1
0.3043101443500138,1.0547502327916078,1
0.3040265805163976,1.04328090551925,1
0.3027513297836615,1.0146025831044865,1
0.3026002036099725,0.9898061089639985,1
0.3022780587753216,1.0119377586667624,1
0.3014529767674814,0.9971153712535804,1
0.301338314709888,0.9946313373903328,1
0.3010192660215977,0.995409021649186,1
0.2969856830706008,1.0806020536562695,1
0.2968092167565319,0.9618345548208566,1
0.2910076650683698,1.0023322887970754,1
0.2866206157437523,1.0439188961920889,1
0.2863946693720958,1.01597129604417,1
0.284482819129934,1.0106892478956455,1
0.2834076092421976,1.0236852434233654,1
0.2801800140872393,1.016724121703187,1
0.2799648624781486,1.0357092433607402,1
0.2764117472289172,0.9921783422214884,1
0.2758599151378272,1.0346445910074376,1
0.2757495652546992,0.8975226656248243,1
0.2746135357668325,1.0434073361217358,1
0.2741126923117256,0.982091539354739,1
0.2725717532273745,1.029662299484166,1
0.2720386267479742,1.0819779666554523,1
0.2709361163030873,0.9940594007007664,1
0.2690456573904906,1.0325363487632582,1
0.2687491669666831,1.0303435637451024,1
0.2676051267184217,1.031301078249108,1
0.2669596459320649,1.0024027491789351,1
0.2657391099954168,0.938484983942457,1
0.265606067684126,0.9952683063011132,1
0.2609038657349981,1.0749720398263365,1
0.2605099788820424,0.9822489560722916,1
0.2600761429960545,0.9833994291115318,1
0.2583853410753036,1.0035304168270232,1
0.2570430255704506,1.0654223397497515,1
0.2558369189617351,1.0281971433778103,1
-0.2692841864132868,0.9582857886830384,0
-0.2666436229870264,1.0030651458027977,0
-0.2660505056503601,1.0395473685857188,0
-0.2656311032346908,0.9351675059614348,0
-0.2645264847691375,0.945050890942082,0
-0.2641499565641357,1.0499329340303352,0
-0.2629947680067712,1.0418446112502862,0
-0.2621163331462181,0.9885526952268422,0
-0.2605901526105073,0.94354329847337,0
-0.2605085146236794,1.0674068167219282,0
-0.2587244231675016,1.0442370144139654,0
-0.255511932364989,1.035668516386485,0
-0.2555102537690794,0.935160651461034,0
-0.2548047575860129,0.9920512598865652,0
-0.2526708686616836,0.9048940489233688,0
-0.2504641482361155,1.02070331529801,0
-0.2503970088144781,1.011515219013279,0
-0.2493721358944724,0.9968343021404552,0
-0.2478464267647993,1.059313166217267,0
-0.2475868034517547,1.083628467242446,0
-0.2470168462068507,0.9129557848718852,0
-0.2455339559963769,1.0221002899245124,0
-0.2439718247403831,1.0424105293953845,0
-0.2409317805204533,0.9853838060938228,0
-0.2397621367842571,1.0286034270554565,0
-0.2384928623378458,0.8802819465691226,0
-0.2365368273384366,1.0465355752494616,0
-0.2365356451855154,1.0260847588824835,0
-0.2330197334438464,0.969534305450654,0
-0.2322878316481194,1.0528506035542906,0
-0.2322386305013769,0.9464151927337958,0
-0.2291200865027556,1.0197146301929023,0
-0.2286017288839544,0.9771931077112092,0
-0.2259377660310705,1.0785738510241714,0
-0.2236158798633362,1.0861335588636931,0
-0.22335495194248,1.1206910529895229,0
-0.2222897731235423,1.0207590013573455,0
-0.222171179005357,0.8713138289307687,0
-0.21913657397682,1.0427967345514264,0
-0.2182442517799873,0.9653308810877944,0
-0.2178312341031772,0.9739539058565476,0
-0.2168637764651575,0.9889007329353346,0
-0.2165407068762574,0.9784010904387864,0
-0.2161858359141196,0.922463873685016,0
-0.2159849611364714,1.011148590912157,0
-0.2140149047941806,1.1020622220622285,0
-0.2110473151525939,1.0109558495915123,0
-0.2101466255906303,0.9692965785527724,0
-0.2071652679561108,0.9078547334105947,0
-0.2040370427003968,1.0129355105529214,0
-0.2017277006957332,1.0164796339398274,0
-0.2007196191018039,1.0541220856043887,0
-0.1992742126890197,1.0373623549317743,0
-0.1990265815164618,0.9890374952648696,0
-0.1989330816838104,0.9913950349597496,0
-0.1988966279832229,1.0560573053025242,0
-0.1981623561639749,1.0235196442406929,0
-0.1980360085953862,0.9707439176788712,0
-0.1979456510723223,1.018736858442281,0
-0.1968966202879896,0.9810851801648938,0
-0.1967324159792765,1.0227246765770903,0
-0.1943465610585302,0.9815019024295818,0
-0.1940931746086563,1.067993248635721,0
-0.1930728826206696,1.0555367142934675,0
-0.192079844843517,1.0112366584410506,0
-0.191089490994816,0.964400562373385,0
-0.1896266503407233,0.9225686931071164,0
-0.1888471566196571,1.0381795447594273,0
-0.1879076016293771,0.9969657705391576,0
-0.1868165357971251,1.025156842296291,0
-0.1867028638152792,0.9707244417342008,0
-0.185588595940331,1.0459698606575407,0
-0.1846548477455102,1.0511342128720382,0
-0.1838579121939246,0.9405117288490896,0
-0.1825637461662038,0.9913718802731554,0
-0.1825429965521839,0.9205176471932326,0
-0.1824893081432633,1.026540262819177,0
-0.1811026314883327,0.9956199389141982,0
-0.1806504663915801,0.999530399682356,0
-0.1797314640949955,1.0716545277849563,0
-0.1794801456459899,1.0485777965149934,0
-0.1749592859901954,0.9979722399920375,0
-0.1730228606532044,1.0021913615808131,0
-0.1690540308198937,1.0890682785609334,0
-0.1673915290627891,0.9992081669372708,0
-0.1668533132387652,0.9731620086735148,0
-0.1668525508796427,1.0540625979219262,0
-0.1658320902570395,1.0275011647864754,0
-0.1640187435429427,0.9858185379958332,0
-0.1624954511557699,0.9246974531899236,0
-0.1617466878769554,0.9444957889060744,0
-0.1599493160363177,1.0496673605985976,0
-0.1593274850959265,1.029026087070852,0
-0.1583573580671973,1.0199845206714877,0
-0.1552539648341417,0.9626433597310582,0
-0.1548099681081198,0.8560775340566105,0
-0.154413717266194,0.8781235566992696,0
-0.149575189664463,0.9564863473664976,0
-0.1484800604279286,1.0403871253233554,0
-0.1448038260407844,0.9815847760179832,0
-0.1430031122187738,1.0145412077298426,0
-0.1413060261614702,0.9391965781178808,0
-0.1406734082339471,1.0059866154861838,0
-0.1396522014920438,0.9699041883003062,0
-0.1361581935391414,1.026745561826992,0
-0.1351540968812193,1.0382864489093315,0
-0.1346133891261307,0.9399529736607372,0
-0.132064485094289,0.9786006192321364,0
-0.1314958574143828,1.0154016755608974,0
-0.1310073751244092,0.942339039881782,0
-0.1298877895546266,1.0533733463839834,0
-0.1275081290216027,0.9965012971347684,0
-0.1245566671300233,0.9628926184055774,0
-0.12241544756732,1.0126269838789126,0
-0.1222227068671224,0.987262329664816,0
-0.1215631642135181,1.0329737719555443,0
-0.1191982159705507,0.9859003321826956,0
-0.1180659791255718,0.9687057854171562,0
-0.1177775302224621,1.069649447813906,0
-0.1170298201467112,0.9472408167546812,0
-0.1163608952834788,1.0249420763501749,0
-0.1141810217687328,0.9730669024107288,0
-0.1065147092743197,0.9489648782755656,0
-0.1061380560972754,1.0209598429590172,0
-0.1057272244612414,1.0133602490923972,0
-0.1011493547564298,0.926772630441965,0
-0.1011322918451687,1.0409758206535271,0
-0.0978321827027809,0.8439459383901345,0
-0.0973708342877687,1.1067089790679605,0
-0.0964136533814051,1.0259493492235008,0
-0.0931608465086125,0.9609996911578512,0
-0.0924344909091386,1.03694664376647,0
-0.0914182303933781,0.9389221953207976,0
-0.0905938403626997,1.0387283089078116,0
-0.0902989709351214,1.0255652344772543,0
-0.0886944064228262,0.9386421531282856,0
-0.0877800675688687,1.0397339342460776,0
-0.0876485502209579,1.0387164515368998,0
-0.0873299265023673,0.9544643653462532,0
-0.0836193099100277,1.0002960131328875,0
-0.0827220734701138,1.0130357658777205,0
-0.0818398444931279,0.9710683508046,0
-0.0806537390361064,0.9397544460710724,0
-0.0783234611465084,0.9751228729536636,0
0.2547652675019843,1.0801748572022405,1
0.2545724347484343,1.083185762299649,1
0.2535680133292289,0.9411799753981064,1
0.2515975683170686,1.0118491174733997,1
0.2510338380909905,0.9848845818912824,1
0.2507646739186451,0.9951878207272716,1
0.2505579576486899,1.0550517042498675,1
0.2504304462867961,0.98770915931213,1
0.2494321232067824,1.1033283943475385,1
0.2493788236990273,1.045787636375357,1
0.2488074596163055,1.0263176230009052,1
0.2473799598895106,0.9884199271297844,1
0.245809001362773,1.1051476406735232,1
0.2420323931373694,1.076045584143214,1
0.2366257172405866,1.0185960014140651,1
0.2345687308085771,1.02369732923434,1
0.2342882593926112,0.9223283317438102,1
0.2288419304823348,0.9942872029369224,1
0.2284265749097965,1.1243934975167122,1
0.2277740882671431,0.9192756719514276,1
0.226097301574633,1.0765560608796003,1
0.2246871474753824,1.050585924592069,1
0.2203275817722268,1.053155430025913,1
0.219078954129758,0.9692472870840364,1
0.2184983246410088,1.0240329190313204,1
0.2181557500581051,1.0379123902279503,1
0.2172986473015788,0.9593995943897164,1
0.215651482382526,0.8788548667375075,1
0.2146546873921078,1.0473710572144694,1
0.2137743610285545,1.0050039959199386,1
0.2134095309903417,1.113180132649627,1
0.2097749650481939,1.00301844522009,1
0.2087905720830505,1.0020227891795268,1
0.2085308163293147,0.96333209289072,1
0.2080887553316277,1.0395641192672411,1
0.2076844713178252,0.9955963292150948,1
0.2075839156560602,0.939245094020922,1
0.2075499330667083,1.0043427235279614,1
0.2061192849283193,0.9439864579954242,1
0.205900757447594,1.0179962727346206,1
0.2046251424229713,1.0320218084696409,1
0.2044126441373864,1.060688777445661,1
0.2041030814359857,0.976011058081693,1
0.2020564928904678,1.0330199145451315,1
0.2014466906285555,1.0313354369825174,1
0.2011359926009211,0.973718867086933,1
0.1997088200934996,1.1156659435854124,1
0.1992200020642714,0.9841231264354624,1
0.1986203686055172,1.0018259498565445,1
0.1971892022270427,1.0720126164364396,1
0.197091242099585,0.9879480355419068,1
0.1959659684782065,1.0199650268080442,1
0.1957371722497376,1.0028219959092823,1
0.1952478887049891,0.960021969233709,1
0.1950534820746723,1.0299055559256831,1
0.1943725603582616,0.9917761574324252,1
0.1940158606791094,1.0175100275208602,1
0.1930009804782453,1.051039506560519,1
0.1888684494950295,0.907916838795871,1
0.1884170951097859,0.9431481458420772,1
0.1883769347413424,1.09390496771599,1
0.1882723538509459,0.9937448057643196,1
0.1870347719031267,1.0493139233348188,1
0.1870210372200733,1.0565175337875867,1
0.1858208343402206,1.0953269999899595,1
0.1854058762109958,1.0588916044175098,1
0.1852340965170567,0.9659705579822476,1
0.1852169002080248,1.0240931479962991,1
0.1847927962447053,0.9819133094933832,1
0.1840281683836609,0.9556727729623978,1
0.183859154438863,0.9474246670198748,1
0.1819986745401834,1.0510997971454952,1
0.1814653493667899,1.04191416598474,1
0.1814269515078482,1.0162786469505174,1
0.1801258625483988,0.962938485215116,1
0.1781326355889361,0.9242732991527848,1
0.1743240502565488,0.915906383709591,1
0.173220632355862,0.9475200562379804,1
0.1724237338142014,0.9979118405438026,1
0.172258380705208,0.9783764921779448,1
0.1716695970331006,1.0631775329258972,1
0.1678275923644335,0.9296429689051184,1
0.16764678525817,0.983494732097329,1
0.1665995429579235,0.9851869088251222,1
0.1641036243415555,1.0120155457021445,1
0.1639843017978726,0.9790958694779034,1
0.1636905961311517,1.0544949039182223,1
0.162634418036788,0.9727623006320544,1
0.1590979704771089,0.9026320271480258,1
0.1579359305575541,1.0710567736043106,1
0.1577322547895785,0.9925562359146142,1
0.15519138228077,1.071077708237226,1
0.1551180789349498,0.9800318098086964,1
0.1546618279673244,0.957027034620932,1
0.1526498286670772,1.0525785551563749,1
0.1526380109820644,0.9058804161252516,1
0.151491279705269,1.012723095212362,1
0.1481752375732588,1.007843005297922,1
0.1466350082778503,1.0204140119184475,1
0.1462562506385601,1.0742845435513249,1
0.1453894488949188,1.0028374833421103,1
0.1451073221890968,1.0225094869585118,1
0.1447522875406686,1.0003852343352029,1
0.1442476612393213,1.0595407225265547,1
0.1434938638481764,1.0292033269345933,1
0.1432594106091751,0.9951412784500216,1
0.1425940676717774,0.9760688882805644,1
0.1402507395954768,0.9914440126829576,1
0.1335451613649798,0.9785780358315074,1
0.1330641804664585,1.0202102909162534,1
0.1291794890303615,1.0470350743446613,1
0.128519204983667,1.0487778715018257,1
0.1282913522211824,1.033069465637659,1
0.1282611695103633,1.0396392171328064,1
0.1277564984214943,1.094059693743084,1
0.1270639433204308,1.0206432979028397,1
0.1223819744908559,0.9768928722144729,1
0.1218044350993124,1.0172168615550832,1
0.1190825980389893,1.0422444313791115,1
0.1188400370607794,0.9946600339454508,1
0.1137829039835778,1.050134767321397,1
0.1135557717683739,0.9855293522416148,1
0.1131314130068812,0.9710418227173124,1
0.1100170789652928,1.0630685943873308,1
0.1097885740604341,1.039343012390109,1
0.1093031989428566,1.0195548171081017,1
0.1092940090473093,0.9127435712084916,1
0.1092342579744521,1.00759769606454,1
0.1092049717695975,1.0094026662848528,1
0.1086871643571232,1.0015973954529582,1
0.1085890780425416,1.069447980630805,1
0.1057901447269729,1.113552625174592,1
0.0985788044898777,0.9844183860351308,1
0.0979684876200748,1.0711126324030789,1
0.0962562976624366,1.0190129799047871,1
0.0941855275418191,1.0158475560426266,1
0.0924273797287043,0.9662375816889224,1
0.0894692257983221,1.0206505873467655,1
0.0892747084318504,1.0054267850061331,1
0.0886197005222722,1.0147499026992095,1
0.087800658165627,0.9768970433637042,1
0.0853434203578429,0.9292826067313272,1
0.0852646784262216,0.9745900249954548,1
0.0837511954184591,0.967237895244924,1
0.0814094775271119,1.046998094990743,1
0.0804870608468577,1.0239527254769358,1
0.0800601007628607,1.0271834941763285,1
0.0795267807102464,0.8754656911176367,1
0.0788653050809613,1.025934506844997,1
0.0788483440702048,1.048443493294669,1
0.0781869922565996,0.900332286590622,1
0.0712291582922344,1.081842770994433,1
0.072361626673727,1.0776883639934527,1
0.0456256009087689,1.0759263384339848,1
0.1195843938628872,1.0628904093591345,1
0.0731080301311428,1.0555128392432485,1
0.0527045777546797,1.0486546820655922,1
0.0735589112336837,1.0454610803249793,1
0.0854707654657258,1.0395048332943793,1
0.0746575067153901,1.0386349407915303,1
0.1603637328664381,1.033479675844489,1
0.0344912239104965,1.0290002968631793,1
0.0589416207749712,1.0276995430880007,1
0.0600916194623593,1.025229268303909,1
0.0623991994932587,1.018414250289006,1
0.0349086545556599,1.014275993323314,1
0.0416613900027317,1.0115648221204978,1
0.0185950273960015,1.0112042261501553,1
0.1892912290336251,1.0052398287688482,1
0.1336562727561975,1.001223077223482,1
0.1354732531585219,0.9994547359142236,1
0.0852242560398779,0.9969328742620692,1
0.0660020015801662,0.9954556580089824,1
0.0874042230209624,0.9927175207839662,1
0.1666994740910074,0.9884383935515024,1
0.0312920937027336,0.9867796505360036,1
0.1814788996893675,0.9852026328760352,1
0.0160089675998898,0.982765525495752,1
0.1364022114023829,0.982504712920394,1
0.100979812944619,0.9823168303812626,1
0.0968244707971376,0.9800316235688066,1
0.1070072692010386,0.9783589800259064,1
0.0919210103446416,0.9782336213381776,1
0.1097279720202556,0.977986117667654,1
-0.0029767518391806,0.976919487644408,1
0.072761479656109,0.9744178946395832,1
0.0689178780292357,0.9667414916264788,1
0.1076745113151357,0.965929062475036,1
0.1115779374050896,0.9655059872524928,1
0.0180486162370464,0.9651792457602708,1
0.1304122925094633,0.9607797067049216,1
0.0911200524585691,0.9577801490056328,1
0.0654952484623235,0.9548519324525924,1
0.0954623332948255,0.953008481053137,1
0.0919926512268105,0.950418258191073,1
0.0540466363203792,0.9468971177572028,1
0.1290285071175906,0.9465204140741448,1
0.1905125577507352,0.9398055910329124,1
0.1047874424032956,0.9392644451162736,1
0.0914320637079779,0.9353263117015924,1
0.0414863581397945,0.935288667564464,1
-0.0100940423347997,0.9345368977100956,1
0.142904342902992,0.9332191562607092,1
0.1280929267200694,0.9324918616310712,1
0.0955815444407347,0.93198694370255,1
0.1419722668943483,0.9310293941913088,1
0.080427234289265,0.9242659769157868,1
0.1059500738955491,0.9231244358660096,1
0.0893508421584253,0.9229076618775928,1
0.031078994532966,0.9228812005137808,1
0.0982677292529019,0.919322708367621,1
0.066736116273104,0.917959595935478,1
0.0811201790752841,0.9153300270578388,1
0.0980031831147309,0.9111926801409692,1
0.0461808813811773,0.9097147360376864,1
0.0611325322078459,0.9077353023117888,1
0.0959493633991781,0.9073557234437992,1
0.1002910175809016,0.9056979402465256,1
0.133019022585216,0.9036567642843092,1
0.0809525382658414,0.9032786516150864,1
0.100859264138331,0.9024959436530852,1
0.0881912347261917,0.9021560938638876,1
0.0686839380001417,0.9019870813288172,1
0.1253571234000831,0.9019152748385464,1
0.075784563046496,0.901760991230924,1
0.0810456372934216,0.9001621802553448,1
0.0749349489579064,0.8988017549537931,1
0.142215464878369,0.8986035700711904,1
0.0744004685132759,0.8983514000755354,1
0.1349700630511178,0.8982005836417942,1
0.0540114816868136,0.8977985664122097,1
0.0773691279341731,0.8972581073206001,1
0.1135261381956979,0.8968181123909196,1
0.1581419945610489,0.896737851284019,1
0.1499141890838134,0.8966016276591686,1
0.100584720774591,0.8961576983260089,1
0.0459525300332548,0.8939386424946982,1
0.0844609636944051,0.8939074610974962,1
0.1825198363452649,0.8918349213207268,1
0.0777605700692581,0.8898317135400793,1
0.0991421526700945,0.8879985499823551,1
0.0845079563663137,0.8871583346138663,1
0.0196795803036557,0.8870893640375705,1
0.1420697620083545,0.8862165102780855,1
0.1521384166097154,0.8859547578292857,1
0.1770730739489508,0.8852763290231731,1
0.1116710865054708,0.8826609319657546,1
0.1919024382729741,0.8819959133330536,1
0.0823340015883583,0.8809376021892454,1
0.1213293545584014,0.8800665451374079,1
0.0371773843504166,0.879876730492889,1
0.1031433884370029,0.8793074727109904,1
0.1786324327282059,0.8786996304754693,1
0.0466523435621775,0.878689403187977,1
0.1172420753571875,0.878411073200112,1
0.0968147289349008,0.87636403962459,1
0.1391720110683623,0.8737919084331365,1
0.1526957697588916,0.8717761234271838,1
0.181378095218586,0.871605195675244,1
0.0583693415698515,0.8714526597174588,1
0.1853674543698237,0.8663807383805195,1
0.0927673720523131,0.8662176555140485,1
0.1345160533504171,0.8650458285349771,1
0.0361979480528019,0.8614155861580177,1
0.1279726484284929,0.8604026639518761,1
0.0970541335071043,0.8602059231497567,1
0.0281005229082377,0.8598824095476021,1
0.0331022091944259,0.8563678757125128,1
0.1074151963182814,0.8541261187121717,1
0.0604945938990813,0.8540578050068103,1
0.1402121595429117,0.8523254271178746,1
0.0841115863183236,0.8492489126923897,1
0.0225900673223828,0.8468186975465661,1
0.0876404273264879,0.8467812277312805,1
0.0786871180718227,0.8447211023225458,1
0.1147316107981838,0.8436452192476889,1
0.0958382741957296,0.8434653998968272,1
0.0613793608392604,0.8420517282285683,1
0.0820400056785621,0.841781457294234,1
0.0963692145174267,0.8410356681517942,1
0.0878519220086979,0.8389090427987623,1
0.150659430661374,0.8364826122472799,1
0.0859226155685241,0.8337755630616055,1
0.1226884191702011,0.8334902295148213,1
0.1224427399790532,0.8325937873430067,1
0.0254760875946967,0.830584710286334,1
0.08019175017475,0.8300149294867398,1
0.0541537838180471,0.8285057843484611,1
0.0943926180263245,0.8256361150790315,1
0.1591345897134359,0.825181844003775,1
0.0728350645233659,0.8245872222458661,1
0.1383491619991789,0.8190946841638094,1
0.1184587396469696,0.817448593528324,1
0.079891415049213,0.8172885824638999,1
0.1165537121239196,0.8146993075410447,1
0.0440870419822231,0.8140044360133534,1
0.0480768472428059,0.8113616134270483,1
0.1247644524372587,0.8092247539830212,1
0.1582426500249969,0.805298306042089,1
0.1003014315820997,0.8051173005597404,1
0.0364184482860661,0.8045801469987626,1
0.108485733354749,0.8032430146101688,1
0.0915369111043286,0.8029955578244026,1
0.131945017121884,0.8017564401940898,1
0.1743716424975879,0.7999945015253074,1
-0.0202308394243233,0.7977398128168747,1
0.1319053644267759,0.7967055869680747,1
0.1537457422142245,0.7964869618096622,1
0.0823409165022141,0.7964304814948806,1
0.1070666109731244,0.7961724909037567,1
0.1184149766945087,0.7923429676754004,1
0.1167942387441837,0.791943066636502,1
0.1064771135522294,0.7901339757765234,1
0.0658072299238401,0.7891758213201783,1
0.1343057533914362,0.7881942847260595,1
0.1332492966950106,0.7848515818107948,1
0.0951872333562282,0.7839769089461566,1
0.0932192465314666,0.7816397552471175,1
0.0376959646994703,0.7805019920951355,1
0.1270812468554635,0.7800370411722762,1
0.0874361503930588,0.7798734576317632,1
0.1502753611394715,0.775846212730509,1
0.0831217530031908,0.7748395985704093,1
0.201133118060679,0.7737867404037861,1
0.0849071470663112,0.7723618943086734,1
0.0289962617973696,0.7711597470907662,1
0.1541385411187926,0.7702303326313387,1
0.115984587163518,0.7685672272550785,1
0.1611437313301752,0.7685023003249359,1
0.117340365846803,0.7665707411091292,1
0.1297898950715112,0.7640166735510308,1
0.1107671172666133,0.7620029119724812,1
0.1635819848695996,0.7616449019156666,1
0.2022892462817613,0.7578911959118484,1
0.1173338420057473,0.7569878790337718,1
0.0014049800535673,0.7555359067492664,1
0.0824969211362286,0.7546411045270934,1
0.0790488306963505,0.7535515652749346,1
0.1565868534720962,0.7526503285352099,1
0.0538441711821356,0.7524037593723654,1
0.1020394188822427,0.7512006567212377,1
0.0240621866597513,0.7496831623877056,1
0.1704678078605839,0.7472491945199249,1
0.0755034154372734,0.7463830412453145,1
0.0838832325540747,0.7459146134969843,1
0.1627676603872491,0.7457832010463928,1
0.1670551560130391,0.7449531555670564,1
0.265172313969984,0.7449504900463582,1
0.129187399004259,0.7442700614711817,1
0.1720471277927913,0.7438176422865475,1
0.1044293567267188,0.7433856248731096,1
0.1796126271057413,0.7430830220150839,1
0.1332011676877279,0.742184536214038,1
0.2284389385360987,0.7407592404532286,1
0.1648570324691565,0.7396408002646216,1
0.149423016448494,0.7387084573368297,1
0.0563682912923577,0.7374170634218096,1
0.1239296931788066,0.7368465979440079,1
0.0591896904065905,0.7356575471419613,1
0.1289431040251939,0.7345565616537618,1
0.071146769191909,0.7345286503157453,1
0.2135515109625551,0.7301568875408079,1
0.1857749050833263,0.7292737470363849,1
0.0255247366453585,0.7291089256209169,1
0.0912618580311769,0.7275865922239289,1
0.0567905287620693,0.7272922906201379,1
0.2237218566058487,0.724580986053376,1
0.1382531485015587,0.7241448683309812,1
0.0878936363185498,0.7229600530690103,1
0.080143567736489,0.7207556272940453,1
0.1376359730567432,0.7193484467561733,1
0.1229680105143183,0.7180812507854615,1
0.1257622353713829,0.7177363184403656,1
0.1882599329312959,0.7176474284752612,1
0.0949292490001289,0.7162033458854664,1
0.0911060150165534,0.7155693251750324,1
0.0266867776486389,0.7134958272379681,1
0.0933535903117948,0.7126332177176783,1
0.1060123109495493,0.7104193078566949,1
0.1822983207183956,0.7095028465006855,1
0.1759848530598081,0.7086262597039029,1
0.1490420964028781,0.7080959310690484,1
0.1736077091348534,0.7076059170916288,1
0.097264765014519,0.7071716663124561,1
0.1097107439799326,0.7066537795605916,1
0.0600011675177261,0.7048964410961209,1
0.0816922728152641,0.7042354793283597,1
0.1156283586712882,0.701922078695036,1
0.0832097584218813,0.6995023574422512,1
0.0670208865392714,0.6991702770821009,1
0.099826696950718,0.6986357917406648,1
0.2418876344738113,0.6946598352767042,1
0.0957800358169735,0.694126051822451,1
0.1314965277745302,0.6941183039063273,1
0.1127476612761452,0.6941121920601073,1
0.1505608988970673,0.6938618887152597,1
0.1218402960652696,0.6920286382714005,1
0.1476760233926384,0.6906587302455449,1
0.123430855837316,0.6900039665075084,1
0.2945731455880028,0.6897031060543253,1
0.1233703047950124,0.6894155544560172,1
0.0873873221080016,0.6890767461035641,1
0.119890518617189,0.6858948859805213,1
0.1977780066508398,0.6846949924132523,1
0.1815139140534909,0.6846844985140881,1
0.1155831287736317,0.682500993629182,1
0.0694211326322713,0.679362037307256,1
0.1353922147763469,0.6774671339356563,1
0.0902119818992372,0.6773818892613763,1
0.0669439107172478,0.6772392443105966,1
0.142765238869848,0.6753022111755734,1
0.069813467798518,0.6737573288201093,1
0.0783498522210831,0.6727722802412708,1
0.0598311090072875,0.670627126829365,1
0.1665327579378878,0.669405389644315,1
0.1723178419977894,0.6682508031386021,1
0.0867189342696176,0.6666148227255833,1
0.1011759930236179,0.6661669692009687,1
0.0751833467453758,0.6653790187004469,1
0.1405120863374273,0.6651994950103288,1
0.1093408034638322,0.6635835264684604,1
0.2013868697445436,0.6627607080119253,1
0.1268965104531025,0.6626347299673959,1
0.1204307241614106,0.6612074040875828,1
0.0844390022067206,0.6611827900572692,1
0.1113368687404179,0.6609675155595789,1
0.1041418434040292,0.6589819438766819,1
0.1305097960009262,0.655750018953601,1
0.1496657071104827,0.6551593767337335,1
0.1628949016872852,0.6544129290364238,1
0.1310079510255585,0.6513746513695962,1
0.113583304480131,0.6492901292983017,1
0.1837636617991168,0.6489898561755733,1
0.2005252445109289,0.644961197107993,1
0.1497562905675683,0.6449149152289931,1
0.1867470508298452,0.6448639430350018,1
0.2268731222518193,0.6438136497559189,1
0.1121595642307013,0.6425463857483831,1
0.1037204053608156,0.640981679121046,1
0.1766783202812639,0.6408174938619066,1
0.2004684796558443,0.639517181680247,1
0.0710896315969709,0.6383369821833467,1
0.1485227510413002,0.6377948903206256,1
0.1008410159856295,0.6377336279179909,1
0.1770915211267932,0.6376026842309371,1
0.0832690568063789,0.6363791868878418,1
0.1124290858385122,0.6357764387192945,1
0.1231143157088565,0.6344978369739187,1
0.1680003258524916,0.6324790169744798,1
0.1463166035945508,0.6313983657760818,1
0.1331001496416134,0.6312931392730476,1
0.0781640747525154,0.6311346572106968,1
0.2122889815726715,0.6311200894045434,1
0.291362753560999,0.6310561569705784,1
0.1995119156263372,0.6299885150685411,1
0.211893803584886,0.6298292991981873,1
0.2251612691815163,0.6238204369899623,1
0.139645395258065,0.6223963513378108,1
0.2064629988276437,0.618053424384482,1
0.1302493521621307,0.6139892656908313,1
0.1192487782515457,0.6133229553205145,1
0.1067948390112909,0.6129333345762261,1
0.1689885427921536,0.6123396084087931,1
0.2190262110275969,0.6116216499740226,1
0.1655963195890847,0.6095419682166235,1
0.1590385043730118,0.6062790220022021,1
0.1124783730968956,0.6053691164341034,1
0.1510105947803666,0.6053409577964168,1
0.1426470663500802,0.6037987536610383,1
0.1749516127854951,0.6029997985378648,1
0.1756014071772507,0.6025958534647841,1
0.1273113310915765,0.6012360040644062,1
0.2547445451172958,0.6005699435935343,1
0.3966306716960994,0.5976580887545083,1
0.2327465446245096,0.5950193944021372,1
0.041233263549443,0.5928889094446328,1
0.0860642640910291,0.5913529321345318,1
0.1003804617183499,0.5902849371980365,1
0.1950713201533181,0.5890813149641535,1
0.1831893369640206,0.5881233202823095,1
0.1226499970241249,0.5862533531311077,1
0.1255930601643671,0.5860916449142441,1
0.0989758767603514,0.5854237225562304,1
0.1225491341688545,0.5848842225508504,1
0.1758237939441934,0.5844619272834826,1
0.1436286070252467,0.5838665851910283,1
0.1125550136332808,0.5812463106736412,1
0.1721270700554712,0.5791373649381821,1
0.1450337824727011,0.5788864500305291,1
0.1728505366333986,0.5777226274730157,1
0.1164779695418314,0.5772904040887312,1
0.1808670509401005,0.5760161115556559,1
0.1345133669474549,0.5752411693301857,1
0.2120328274602951,0.5752390022535498,1
0.1493945467765666,0.5741616058453594,1
0.1396875037877212,0.5727249595073101,1
0.1912961935255816,0.5722924709842481,1
0.1979702265186947,0.5717634983830312,1
0.2860555840157772,0.5699384849007612,1
0.1537237331561224,0.5687018619013494,1
0.1803487493642255,0.5680233774371095,1
0.1566645192326154,0.5679997641103792,1
0.1896572792416568,0.5663279643942881,1
0.2939316711026017,0.5659305230920012,1
0.1395573426719517,0.5658082705258484,1
0.2602718116349753,0.564282016840757,1
0.1377648213996666,0.5641936104719263,1
0.1785195193558401,0.5629002223974012,1
0.2347181212127411,0.5621944049300045,1
0.1944132795557681,0.5617976691049772,1
0.1360723688377337,0.5617140556597142,1
0.1475344184012693,0.5616854500544031,1
0.112043534091622,0.5608195330848393,1
0.1195317887378637,0.5580777743657099,1
0.1618801317690242,0.5578086264285456,1
0.1754382365492981,0.5553224656807116,1
0.1299592727902461,0.5550218091916428,1
0.1787877494077308,0.5544609894668857,1
0.1966619998668093,0.5543486184914896,1
0.2348637931320314,0.5540946832785212,1
0.2434890076582089,0.5530649436888461,1
0.1505424539487366,0.5519664019014132,1
0.186920151383794,0.5503426980179533,1
0.2152939944117586,0.544771429079847,1
0.1232229978383992,0.542028190498931,1
0.2064022543630766,0.5414990108759403,1
0.2159648399426586,0.5409453115474199,1
0.2099118361152829,0.5395149977552935,1
0.1655075841423006,0.5384522354945002,1
0.2234752791733299,0.537912048813975,1
0.225265477756058,0.537362217231954,1
0.1819087337660351,0.5370280747947968,1
0.1834857556434234,0.5336569788748631,1
0.1757433982976496,0.5334428904816713,1
0.1624962232402749,0.5294992604079221,1
0.1922589277413254,0.52281149631799,1
0.2194092157699219,0.5202038481279889,1
0.2173515868998745,0.5191039221014646,1
0.1710936097180063,0.5179645160147606,1
0.1337301674859139,0.5173255003577797,1
0.2663760672987695,0.5162109563293185,1
0.2317135539681608,0.5156904407155032,1
0.2275198140644546,0.5148071601681038,1
0.1708204839268755,0.5136838046797497,1
0.1245510420126721,0.512958284508344,1
0.2036182911262101,0.5123080406306367,1
0.3219206560056771,0.5115674820565232,1
0.2726526422522936,0.5102952007314601,1
0.1512392406781234,0.5065898267960967,1
0.1846553045397139,0.5063567523216677,1
0.1988227404965465,0.5052507475311928,1
0.1143769792861566,0.5052497117283862,1
0.1647005378971273,0.5050407217764229,1
0.2724511178989274,0.504219257265337,1
0.052108531292504,0.5030307532416249,1
0.2934431511302824,0.5029312316572736,1
0.2780365199772772,0.5022729355054701,1
0.2066238030870529,0.5017898292321217,1
0.2603708795609163,0.501235094504099,1
0.2108705054392449,0.5006740717076804,1
0.2467938545332787,0.4978428581901003,1
0.2286819081429232,0.4938480418231254,1
0.1987783247279087,0.4933884573165648,1
0.1983146829544654,0.4917179933299635,1
0.1567082678929214,0.4913072815194965,1
0.1166303844548512,0.489682332266716,1
0.1987736163098019,0.4873630513239693,1
0.1753321054067719,0.486898963282702,1
0.2215441274578091,0.4855346332161646,1
0.2245471771954722,0.4854861783031166,1
0.3736931778287918,0.485181131814961,1
0.2617930619063147,0.484640098180841,1
0.2052282482571585,0.484357595238248,1
0.0924584983838056,0.4838241291931337,1
0.1170566147099906,0.4826570414976576,1
0.286228887658806,0.4819713401903462,1
0.219829886002449,0.4817644163846827,1
0.2788918884107929,0.4804707717237042,1
0.2844341900717025,0.4799744719385558,1
0.2292093373341855,0.4798564365818022,1
0.2946004032639654,0.4795030547551569,1
0.1674921743303038,0.4786875696186142,1
0.2752035095981832,0.4779144936510712,1
0.2177338486106394,0.4751954252925066,1
0.2842733642941729,0.4749692569332533,1
0.2637294405991005,0.4737048768445394,1
0.2550195538251004,0.4713115732843464,1
0.2353309205550029,0.4709404467748428,1
0.2334920243864517,0.4708539296220363,1
0.2057492607320195,0.4699099397771341,1
0.1737758084444501,0.4694949438773913,1
0.2085460405714399,0.4689412691605026,1
0.2110785813121817,0.4679275908726352,1
0.1726560696602853,0.4677313400168002,1
0.3102723545329053,0.4666375466963451,1
0.2974672647339335,0.4644896667593886,1
0.2773707528252849,0.4640792891664858,1
0.1492579789771139,0.4640704438618049,1
0.1824772764886337,0.4640394150286347,1
0.2070472558189495,0.4638247796954421,1
0.2339253120998393,0.4632727400394677,1
0.2265124127745331,0.4627074319519997,1
0.2129241568764938,0.4624516774314107,1
0.2406433250895027,0.4606722721427412,1
0.3534255546768662,0.4599396676623816,1
0.1894919744040019,0.4596456136963815,1
0.212419994260115,0.4583082126192307,1
0.2459345652275816,0.4581335469922023,1
0.3967289623033486,0.4569706155607872,1
0.1871186174735836,0.4556383641828795,1
0.3158563217176982,0.4548591784255563,1
0.2946647917530919,0.4543642844873094,1
0.3217398881666826,0.4537138485014242,1
0.3211167796633215,0.450311076531238,1
0.1667425981221783,0.4500231363775109,1
0.1502035566619093,0.4475484409727012,1
0.2207151022947413,0.4468833775997874,1
0.1499166052203666,0.4457159281676909,1
0.2835109195415757,0.4451114904492505,1
0.3445010841291578,0.4431779823311909,1
0.2827923116515675,0.4421596363059486,1
0.3701087615170655,0.4419617860281422,1
0.2713864812072231,0.4413239291778729,1
0.3328683174662694,0.440494995049663,1
0.2450526560980787,0.4360103944671168,1
0.441891004049406,0.43557003333898,1
0.3333993213299621,0.4352140079925139,1
0.2465409067198959,0.4315795343276618,1
0.2254292435336069,0.4300608605508168,1
0.2525968833059829,0.4282599947281518,1
0.3706412593777218,0.4264447198224263,1
0.2286265628049443,0.4258443254256019,1
0.2289221974056047,0.4251112069143735,1
0.3477784905456718,0.4224431161504879,1
0.3340225068303509,0.4221107107780141,1
0.2292686525734682,0.4213820758178623,1
0.1976884053622842,0.4192343530907688,1
0.1261550389558481,0.4190806837583706,1
0.197064098094745,0.4183408789893849,1
0.2477626458295463,0.4170401493219941,1
0.3200857298308897,0.4162850775878386,1
0.229824348910405,0.4162706887961911,1
0.3303009643572432,0.4146920390513053,1
0.3381920962175263,0.4140670385930984,1
0.2525988514294791,0.4110853565233108,1
0.3539182151063522,0.4102909614841877,1
0.3035282291771705,0.4101219206802324,1
0.2907841599765338,0.4098721835039902,1
0.2819392709480192,0.4091674342220741,1
0.2302850598774959,0.4077025777619899,1
0.1987864843589068,0.4067525768008025,1
0.266856852862922,0.4064386398617911,1
0.2462116124976724,0.4058362375001585,1
0.2363180694526526,0.4054532443474749,1
0.2668692199357302,0.4045445930734962,1
0.3074293573699964,0.4042409882503759,1
0.3650534523971884,0.4028969178923474,1
0.2939461257125327,0.4017333555549307,1
0.35925357921553,0.4014146421080224,1
0.3931179453279937,0.3995062784544752,1
0.3255105708819205,0.3991777561086601,1
0.295515954461839,0.3990163640641584,1
0.3566473525734784,0.3974294823241699,1
0.2573503258468789,0.3971189029048848,1
0.2695906738437872,0.3962598399419326,1
0.4303169266750342,0.3953377434258585,1
0.1495974612642468,0.3941425678202561,1
0.3604407123667217,0.3938426924363097,1
0.4123543675520905,0.3922170646797016,1
0.3322045779112839,0.3916383890664532,1
0.2342363622526225,0.3912238108473023,1
0.2943898021963815,0.3878125085578106,1
0.3086097843479243,0.387790150694876,1
0.313740501600363,0.3860317520737907,1
0.2568748947827256,0.3857047648317638,1
0.244029676522208,0.3854620851123506,1
0.2576832297282502,0.3842864353939164,1
0.2842819612395119,0.3838530965802873,1
0.2590061855151463,0.3835646081515887,1
0.3242600913599957,0.3828482132090459,1
0.3297173900215935,0.3818237421109359,1
0.3092069884450933,0.3816724872722539,1
0.2810325414618317,0.3801121846629191,1
0.258187273301814,0.3788911246529216,1
0.4280686971473262,0.3785043857489016,1
0.2264700208994332,0.3780704521794438,1
0.2864781329366913,0.3775116467487366,1
0.4157268844281828,0.3763275403840482,1
0.3010222601380526,0.3747563110496053,1
0.3031543457441025,0.3742949041109849,1
0.2162112111912471,0.3739106724088094,1
0.3968078408313599,0.3725585100860105,1
0.2546197563987165,0.3703765187521033,1
0.3129378276531203,0.3696047820952834,1
0.2486987197036736,0.3695137710699562,1
0.2994095928104437,0.3683619895207112,1
0.2975038940974076,0.367719665154694,1
0.2346242757523369,0.3656372196794926,1
0.2963833568454269,0.3625941274029801,1
0.363961658213322,0.3624930041211909,1
0.3726429337093951,0.3607884046148595,1
0.2732911827018772,0.3592450768163608,1
0.2459567749600368,0.3574357779724836,1
0.3413456842337686,0.3562487949269998,1
0.2642579213603884,0.3561663765628191,1
0.3366904847352669,0.3558590738272079,1
0.268194662176787,0.3548411609729894,1
0.3246493125771763,0.3546032782530212,1
0.4892419812936646,0.3531350143012917,1
0.3424015518439054,0.3518359152874113,1
0.2670957547919455,0.3509163641267332,1
0.4039949933922722,0.3505364495832533,1
0.2410948204797621,0.3504508419792993,1
0.3945553878579684,0.3472587808472869,1
0.339317977948267,0.3462038249224861,1
0.1791544497729939,0.3460259342529189,1
0.389263774041425,0.3446695487815755,1
0.2334282489380502,0.344154448485946,1
0.2941433066233068,0.3437540312970151,1
0.2934527178478717,0.3428358321640751,1
0.3217491870146877,0.342688331289955,1
0.3614297516383535,0.3425277202590899,1
0.3082000004450632,0.3424183067550187,1
0.2642733399898556,0.3416603871942094,1
0.3360539238063482,0.3412580036006684,1
0.360539962818974,0.3409783822117336,1
0.2523617738618331,0.3400335778640947,1
0.2471506912230159,0.3394823289098005,1
0.4510067466468871,0.3358415654190623,1
0.3232243623805829,0.3348894073644751,1
0.3360275163273654,0.3311044609251409,1
0.3345707435687013,0.33020514456935,1
0.2403638608135537,0.3293167454273462,1
0.2792236298102658,0.3288864580632548,1
0.3081772024619336,0.3282303747288233,1
0.278815677271674,0.3280672567891356,1
0.3171619986117491,0.3278228454910944,1
0.3721058244180382,0.3273095946055915,1
0.4270914305111,0.3262931032387887,1
0.4477838818547426,0.3236365612508896,1
0.3313538344585389,0.3234517756786038,1
0.3613170869314439,0.3229657199549718,1
0.3236960577091325,0.3225509860086097,1
0.4459077656362097,0.3222648322333248,1
0.3926375145213289,0.3219687568138665,1
0.4870041404859073,0.3219324406656736,1
0.3679336161592069,0.3218247951914889,1
0.44185919346462,0.3211202928809017,1
0.3294505730497125,0.3200095923998194,1
0.2563398947085561,0.3199375707432264,1
0.3337173757810442,0.3198395927696717,1
0.432999363540584,0.3196563975589787,1
0.2898340778817936,0.3189435170061681,1
0.4220194679698745,0.3182920438726034,1
0.4657182551131892,0.3182730121727313,1
0.2760102667934974,0.3173259345257365,1
0.393353948315629,0.3163980124275494,1
0.2013034009903193,0.3153467591680856,1
0.2913767354446425,0.3152011050254779,1
0.3857767424517768,0.3143856183098147,1
0.2756269981498365,0.3141611256800007,1
0.3385776470894042,0.312965012426622,1
0.3266600444251176,0.3094955594477067,1
0.3628647877789948,0.3080038663459663,1
0.38322631884997,0.3078374434553281,1
0.3740432684452786,0.3052783890228838,1
0.3025140895389389,0.3052168487758753,1
0.2121737030548401,0.3052144037100094,1
0.3761007089552656,0.3045832632410231,1
0.2812118579201885,0.3021976725066849,1
0.2491323486038365,0.3021013861221651,1
0.4164399416100097,0.3015019190172668,1
0.3501418784823343,0.2994882359978376,1
0.4200418592957747,0.2980848704257712,1
0.6360180711441359,0.2971112251896246,1
0.3167311893918285,0.2957958716317436,1
0.3769444703313722,0.2913487748946556,1
0.5452165600705906,0.2905047910137072,1
0.3936567340010325,0.2889211373350467,1
0.4837822378757486,0.2875598981089234,1
0.2806752506664133,0.2851829979100075,1
0.3618735001549742,0.2849079186475159,1
0.3589307990143455,0.2826536133731935,1
0.5073883744962209,0.2821960375775296,1
0.3424926280634472,0.2806892127945238,1
0.3206858619631931,0.2801028222502666,1
0.4358867260568873,0.2786589174553849,1
0.3371366485713463,0.2775439708974,1
0.4512755175322133,0.27681001535807,1
0.4547601876994226,0.2765941019199854,1
0.4839264210616841,0.2753321810518805,1
0.2943575410585005,0.2751496421786871,1
0.3732409449121249,0.2737753315982153,1
0.3804525455880755,0.2735262201928443,1
0.3106700696839709,0.2689827601313922,1
0.3965524772463625,0.2688094410470208,1
0.4864224641602059,0.2687219519415074,1
0.4766527220445404,0.2686571413261711,1
0.2753507802029828,0.2678412488689348,1
0.4254930150525375,0.2675560157923826,1
0.4580901391375502,0.2672768618244339,1
0.3547151908783936,0.2652995726589097,1
0.4079638229838657,0.2652315704967084,1
0.4680786449258673,0.2649514136491427,1
0.4286396474572204,0.2648602928597585,1
0.4026728680853955,0.2648503106859715,1
0.485544142569567,0.2645315303901395,1
0.4405093055681537,0.2642695824980429,1
0.4243176025378556,0.263558340911184,1
0.3488813030862405,0.2630972079191607,1
0.4056499100142389,0.2624255913025723,1
0.4643058949951246,0.2612411053397306,1
0.3264275028944829,0.259906523218105,1
0.3968642055542842,0.2593711221991061,1
0.3500169003222003,0.2574551896657087,1
0.2729164479683953,0.2563499628340705,1
0.4126205903366066,0.25582645989099,1
0.3911268976588056,0.2555811941931788,1
0.3772489314153128,0.2548904892493551,1
0.3886473351673148,0.2543891501881972,1
0.3711610687860266,0.2541962985835126,1
0.4445844312792256,0.2541906197719449,1
0.534859360893333,0.2528813642787361,1
0.3844464321074742,0.2523751997706405,1
0.5107305366230361,0.2505952903432561,1
0.4862277338998139,0.2503430952394491,1
0.5790624058067854,0.2502305942702106,1
0.4122592497429466,0.24934277053162,1
0.4243729073348972,0.2492870043428502,1
0.3452666703440374,0.2486778441745562,1
0.4767213714217035,0.2486358996663444,1
0.4415562804627128,0.2476662137409284,1
0.4402200416410401,0.2450211354283196,1
0.5250133685990501,0.2450135591697075,1
0.4013235286462521,0.243738341456858,1
0.5207816953206177,0.2435683812770467,1
0.3368173110890645,0.2432375553735259,1
0.3909144941895351,0.2430415654445673,1
0.3869956421932786,0.2428848751895235,1
0.5590256764313892,0.2425876266674175,1
0.385387900030937,0.2417766611270784,1
0.5206703682579248,0.2407795929715003,1
0.350797246111542,0.240658779038317,1
0.3771041239975802,0.2394908130330588,1
0.4265632045633892,0.2385056795269456,1
0.3145079882656101,0.2362829428425623,1
0.3290404630380711,0.2349686293003054,1
0.4978813168066149,0.2349610723045987,1
0.5070371350576652,0.2348083302608599,1
0.5242893493733662,0.2316547155605498,1
0.4512325044514219,0.2312709105349228,1
0.2897562396570763,0.2308925283477957,1
0.5104891745252038,0.229502086603044,1
0.450969638716019,0.2291427975057599,1
0.4386999527311984,0.2289098537038689,1
0.5997758127654357,0.2278701738814285,1
0.5969958304384148,0.2276212036288858,1
0.3214566818128749,0.2264068866879205,1
0.4140433692696111,0.2263955814635601,1
0.6032293544271454,0.2263376542838841,1
0.4484502454215017,0.2260600668159769,1
0.2815946385662473,0.2233864170282312,1
0.4615858517653584,0.2229238745259164,1
0.5431965144226626,0.2215710397444718,1
0.4602412754116409,0.2213308659336613,1
0.5029275920934363,0.2211049915743528,1
0.4166879481479634,0.2211023197405248,1
0.5879371010010785,0.2197182340744861,1
0.5433586681129434,0.2190110530100246,1
0.3332765677084937,0.2189365034377335,1
0.6234380357977499,0.2185104888124019,1
0.6009042084998353,0.2172357641204975,1
0.5157026628274836,0.2164110805320048,1
0.5367793584603728,0.2155230156596984,1
0.3443801654165239,0.2149861833802669,1
0.522338449740078,0.2148457480848054,1
0.3661075618350803,0.2142453913458356,1
0.5053366559808586,0.2134559304802644,1
0.5552992365857748,0.2132649839261379,1
0.4832104870368552,0.2117437908078863,1
0.4270337069735809,0.2116968725322118,1
0.4620503957012407,0.2103944027454243,1
0.4990195733195611,0.2101934703776247,1
0.5827170089920359,0.2101877895917441,1
0.4986361703243954,0.2094231130090031,1
0.6183718800118592,0.2078352701637922,1
0.4623870095158338,0.2077569637505918,1
0.5069456051139789,0.2059517516005864,1
0.60265578020911,0.2056242051168267,1
0.4787763512750544,0.2052122711550816,1
0.4309402890025334,0.2033709602404295,1
0.4377523431236225,0.2028931695139622,1
0.3393657761761349,0.201882820410599,1
0.4204765204928382,0.2001080128149925,1
0.4512283907183704,0.199648920413121,1
0.419385435004631,0.1989888843553168,1
0.3838502761210263,0.1981474773630792,1
0.3844359675240638,0.1963547102420109,1
0.7083043761734227,0.1949104889937682,1
0.5646873273905326,0.1947984888309756,1
0.5126432453688472,0.1945132774253056,1
0.4944201406332131,0.1928473005768907,1
0.4744486610007848,0.1910864281817912,1
0.4783579418582506,0.1906339950680086,1
0.4286613456467911,0.1899998586215402,1
0.5438835846507687,0.189861594949336,1
0.4842784167022158,0.187532938038613,1
0.5780247891866586,0.1866974121706426,1
0.4334099286311783,0.1866945543654198,1
0.6313293417908464,0.1865810019738442,1
0.5159904645791583,0.1864119050253901,1
0.5255655697128538,0.1860722182114413,1
0.6109525587219515,0.1845500097858486,1
0.4056991866484947,0.184156813403118,1
0.471323658446021,0.1836034503544701,1
0.5334131961608345,0.1826427703272584,1
0.5408689444383661,0.1814435515359861,1
0.530594443715485,0.1806486872467855,1
0.5502024599965635,0.1804578761232337,1
0.4898716361077114,0.1798330221971136,1
0.4500101726158702,0.1773941146169962,1
0.4947384015008512,0.1766320639968193,1
0.3911094243077804,0.1761549234852512,1
0.547698536027918,0.1754093538498751,1
0.5486680962749101,0.17494649530221,1
0.4056444776509013,0.1745029604651223,1
0.5661127132938816,0.1726890425564335,1
0.5028585036054292,0.1708008543109109,1
0.6014398588090641,0.1706081827970262,1
0.5605631029049726,0.1696385591704456,1
0.679307214757908,0.1688939583765539,1
0.55489767284662,0.1676581108090837,1
0.5600812591757195,0.1675838678507211,1
0.5333522404448613,0.1673933933243317,1
0.5258357661101055,0.1669918427256234,1
0.6334108966864596,0.1659925681608228,1
0.5615672865529793,0.1647740020494801,1
0.5470239700885219,0.1642313770647119,1
0.6352417014589299,0.163890611619384,1
0.5654243071259066,0.1623562382091397,1
0.4835900318121223,0.1614277542281289,1
0.7142238307850093,0.1613679613796204,1
0.7038111769061508,0.1604993537240189,1
0.4448921445263853,0.1604801383078253,1
0.400545087649359,0.1597926277917722,1
0.5788586689625995,0.1592630574443487,1
0.6074387556033924,0.1583623838944443,1
0.5044934549859503,0.1582377907816477,1
0.5675308050693355,0.1580141693918991,1
0.5044860776527949,0.1573447015668532,1
0.6278551930652063,0.1570757963662616,1
0.4343121886876692,0.156150324137424,1
0.606742136037006,0.1558319143152959,1
0.5617928885230837,0.1557097325517646,1
0.6010757612227067,0.154563278683869,1
0.4286171425178122,0.1543591141633579,1
0.7023132240590761,0.1542487456322676,1
0.7521932936051817,0.1538293552801558,1
0.663187691761463,0.1537870526299741,1
0.7215389352967092,0.1523837483668677,1
0.6273841942995605,0.1515829930004121,1
0.8058835821178205,0.1515380643769655,1
0.5862894781439617,0.1514354491594455,1
0.7046709955104142,0.1506645200326847,1
0.5223954671316209,0.150570874439322,1
0.5780692456933066,0.149680233196376,1
0.716631707391014,0.1494611649348018,1
0.8137616521623381,0.1485304663831088,1
0.7838601273464296,0.1481966066017503,1
0.5429079112608248,0.147846849849375,1
0.5217807295660305,0.1453974301234595,1
0.6744593979240937,0.1445955041084416,1
0.5378372959318274,0.1443140426646265,1
1.066964121229608,0.1436901030581112,1
0.5110515762528205,0.1436378072575209,1
0.6411699042775387,0.1428268610781442,1
0.6868766788153912,0.142632564461042,1
0.6647121279533403,0.1414372373611709,1
0.5631295595357247,0.1399058031674707,1
0.4412031468719957,0.1397447316742535,1
0.6079278282313326,0.1396438660832193,1
0.3968067834160123,0.139484287210626,1
0.6236671990261436,0.1385338035508143,1
0.722438371962964,0.1382005357834352,1
0.5073958051789796,0.1379980772900751,1
0.5710887591045254,0.1374113181864926,1
0.7850650435597532,0.1349927408346898,1
0.5526255156954384,0.1344975132932424,1
0.5561377700907101,0.1344102717715402,1
0.5521797240449164,0.1341290183121379,1
0.6558879398394699,0.1327152414876511,1
0.502577182829836,0.1325876962386535,1
0.4989869942093585,0.1315606291785928,1
0.7725660018435219,0.1312837370672241,1
0.5945524895800844,0.1302082171608874,1
0.6238805272955389,0.1300641304238117,1
0.5584192499840218,0.1296316012044458,1
0.7631143024029592,0.1292372580960696,1
0.6093121482824791,0.1285202593107814,1
0.8837239777865274,0.1284549826248229,1
0.3560784119793189,0.1277161955702296,1
0.6596038737324041,0.1275377941450405,1
0.6748069230490863,0.1271608135361382,1
0.3885565333257829,0.1265245410232557,1
0.5948563016133273,0.126234561489401,1
0.6253413625603419,0.1246871132459638,1
0.733822186682075,0.1241750406722377,1
0.7413736307705175,0.1237445516383122,1
0.6860776668782241,0.1234181152651615,1
0.4194837032099962,0.1227584560830868,1
0.623878622257267,0.1223069650631115,1
0.7277669515228843,0.1210315822508982,1
0.5524355315523117,0.1209288413545707,1
0.6072808931017564,0.1200709626233206,1
1.0010727615932689,0.1196598751287035,1
0.744232541626367,0.1196362230175839,1
0.4765665968423146,0.1172932679838898,1
0.5227450911604984,0.1159234528357985,1
0.724787594404134,0.1153789436105349,1
0.747336684856851,0.1147246566716361,1
0.646633806198993,0.1145055337612909,1
0.6242799020481536,0.113954372135295,1
0.5532945819083861,0.1136982247050816,1
0.566056381408807,0.1134003602248371,1
0.531800393092851,0.1127677752956289,1
0.7343137947304703,0.112251326006181,1
0.8257407552824286,0.1117885357663742,1
0.6250298362908765,0.1112988638672827,1
0.6306196347685675,0.109657631457918,1
0.4486334013696207,0.10958645919516,1
0.7575239618734217,0.1092610572659069,1
0.9830659835114588,0.1091631755524696,1
0.923338500220939,0.1088616398521761,1
0.7187031706712739,0.1087736898787535,1
0.6509124258226322,0.1084335752038394,1
0.6236130144384514,0.1082019507354901,1
0.7144641547743841,0.1081328044849022,1
0.8878660266032277,0.1079049074932317,1
0.4321341062798001,0.1067438979343878,1
0.4706992769574257,0.1064731029766716,1
0.7617185882383881,0.1063405163132061,1
0.771041741202258,0.1055590058019506,1
0.6170285215964596,0.1036517783368717,1
0.7901388546417524,0.1035187704112674,1
0.7058970511880825,0.102908259604249,1
0.6170438245124475,0.102785526759756,1
0.5105305282488732,0.1025403505798074,1
0.7326496944986869,0.101825494613106,1
0.816316339473014,0.1009633457105231,1
0.5975943115079082,0.1007994406809426,1
0.6314044059131928,0.1006328897728482,1
0.7210898243074143,0.1005990091444613,1
0.616625869631953,0.0999992016049669,1
0.6731170705753317,0.0998724090359292,1
0.6748296772095093,0.0982460346153714,1
0.655372806958754,0.0981962030069663,1
0.4828985354213682,0.0980907113500769,1
0.6550395926410573,0.0978424000211403,1
0.6532110946224683,0.0969491231817495,1
0.5465523515162898,0.0969079393717388,1
0.7394581994134154,0.096643579377312,1
0.6139041913013558,0.0955016501324608,1
0.9887399779277756,0.0944649751635329,1
0.8007594446817744,0.0942938140935785,1
0.6127815460345982,0.0928363331894931,1
0.891356141996873,0.0911203871538399,1
0.5893754752218409,0.091117890745557,1
0.7503193847398367,0.0910931836427977,1
0.5833498057248415,0.090476465106487,1
1.0589509672680333,0.0902894606051439,1
0.4926539057535737,0.0902071810008751,1
0.7279394460729949,0.0900167165203288,1
0.5603252351915884,0.0897011889041162,1
0.638813604519077,0.089590796479847,1
0.8008953364486172,0.0893347955248837,1
0.6653258349613822,0.0892448226195574,1
0.9993091909613327,0.0888133918711014,1
0.7485592091338447,0.0887156062925088,1
0.7142730677940159,0.0874523132521464,1
0.7142564533227245,0.0874335858975224,1
0.8766097223530628,0.0870963620884713,1
0.7643376445728324,0.0870068942870073,1
0.6060113349579399,0.0868869796916724,1
0.6328572633705194,0.0866898560363191,1
0.6424973823406208,0.0850920817965366,1
0.81618137282723,0.0843233085683151,1
0.6532073220847174,0.0842310779650738,1
0.5851772559865746,0.084034403689479,1
0.6116836657169624,0.0836951281125448,1
0.8146663638774467,0.0829111083615832,1
0.7014407176672315,0.0825469263074707,1
0.6160379981027829,0.0821127324735156,1
0.9543369962045892,0.0818899506331168,1
0.9850831602199556,0.0817164487475138,1
0.8899282782135777,0.0814330621810917,1
0.9395555099327468,0.0806224328371471,1
1.0181412965972303,0.080312233508727,1
0.6406904152824295,0.0789285395057863,1
0.653773749522495,0.0787755176622087,1
0.9426199125910644,0.0785422812517132,1
0.8656815510178284,0.0777700332193622,1
0.8882676474888882,0.0773006130258396,1
0.5367706898038579,0.0771326718973309,1
1.0278068524430517,0.0769660058377411,1
0.7116880084502748,0.0768653710425856,1
0.5399823154375057,0.076628076553306,1
0.7479508452483525,0.0766169516381742,1
0.8343111939788517,0.0764856315891622,1
0.7237369995643257,0.0761378096184848,1
0.8147896274590217,0.0760185670938686,1
0.7229431692618673,0.0753912299727478,1
0.4812377095390497,0.0753151980544338,1
0.5558039006718657,0.0751762735686513,1
0.7150908209691793,0.0740074680555698,1
0.9288007927478876,0.0737407775798296,1
0.7393634639328499,0.0732686889614476,1
0.551633907843609,0.0719235030728362,1
0.6463140564309858,0.0713824348427984,1
0.9595458399399313,0.0709316541484246,1
0.9020236509599115,0.0707810439876593,1
0.7928009033092767,0.070517442970037,1
0.673262728461403,0.0703762830124101,1
0.7857538735600371,0.0699648413095653,1
1.0310032919666523,0.0690844001129194,1
0.6896455995059038,0.0690065510127316,1
0.6771850176877425,0.0674445690680994,1
0.7800597856714228,0.0667637134411697,1
0.657558415221883,0.066492859274121,1
0.7269926139121119,0.0660377461425363,1
1.0392382318053472,0.0658873057133588,1
0.9917286550564016,0.0658123903323635,1
0.677985216052639,0.0649007633212069,1
0.6629945630078575,0.0648058180531986,1
0.8637098393686533,0.0646812141937606,1
0.6742424796936279,0.0646718766558085,1
0.9263991600549012,0.0643381725518111,1
0.6508636155664485,0.063779195379953,1
0.6783666941126141,0.0635867114834254,1
0.6857976325276226,0.0620457590661153,1
1.058781692084816,0.0605000405883113,1
0.7335086721980861,0.0596549757363304,1
0.8131001747481736,0.0593202466764226,1
0.8434936912666035,0.0590426076020927,1
0.4675439499755681,0.0583597856894775,1
1.0580076940833931,0.0580257275199873,1
1.0619783721444318,0.0568127236837102,1
0.9472597998673647,0.0565357417053741,1
0.5553857067899148,0.0542184224383162,1
0.9286898073438122,0.0536012572225138,1
0.7217141229378466,0.0535105931234304,1
0.6322708886698888,0.0531630108171986,1
1.0008985176432033,0.0525380173636066,1
0.4228415159189955,0.0525331093272322,1
0.6806028173100859,0.0522371319687631,1
0.7037037390804711,0.0519604077182913,1
0.7488263619772165,0.0519343916588568,1
0.7457747353541937,0.0509299254562444,1
1.0011521841569513,0.0503544004167357,1
0.8294068931813662,0.0501677379907948,1
0.9594823909672244,0.05015398813008,1
0.6092964988055937,0.05008694624153,1
1.0170659468933043,0.0500520987935237,1
0.4864901607211541,0.049581598500704,1
0.7214145067126687,0.0487233125206115,1
0.8789556911620262,0.0481885234376471,1
0.7004357952832034,0.0476126570620674,1
0.8289565993461888,0.0473816138656179,1
0.5490368965723691,0.0465269144868393,1
0.8793607092557847,0.0462857255014779,1
0.7468655673993599,0.0462054054117609,1
1.0130781208331163,0.0460648610116483,1
0.656550595243403,0.0459869309859647,1
1.0392933471673935,0.0457137237325357,1
0.7788795329270111,0.0454054317331423,1
0.5907412474658561,0.0452506014166109,1
0.6970757211241693,0.0445510374216965,1
0.7041762906955648,0.0444891010164424,1
0.9726197633009126,0.0443970909064407,1
1.0065617399264333,0.044375261889359,1
0.7270534505460015,0.0438579322461563,1
0.73987397982302,0.043111483115612,1
1.0610483789394565,0.0429841254517838,1
0.938864277026596,0.042355806379499,1
0.5703823790280287,0.0423530417319334,1
0.8241211876342994,0.0422023168618719,1
0.619769548469713,0.0420055070030006,1
1.0150022660962972,0.0416265345786807,1
0.8341961351769377,0.041582883081549,1
1.0556950282051167,0.0415111122889743,1
0.8469324815942432,0.0414925794028926,1
0.6720179622439343,0.0402018712922687,1
0.7757540257117375,0.0400848801775557,1
0.917504908196998,0.0395523801008306,1
1.0739877691243171,0.0393364613706552,1
0.8349931436453162,0.0391744237385108,1
0.6334286553681442,0.0391505121214778,1
0.9177246737301386,0.0391461901567705,1
0.9047637977778192,0.0388652122612673,1
0.9266967595985376,0.0380331662711568,1
0.902015357656278,0.0371523947552265,1
1.0625226741523008,0.0370730209467002,1
0.7344357661199219,0.0365129157475053,1
0.9128341225374084,0.0363808249544918,1
0.948304917081433,0.0355919024378961,1
0.7613224566222586,0.0354613032678763,1
0.9284780359848398,0.0349731886309019,1
1.0156566492247918,0.034943134943619,1
0.508963322129427,0.0347661186003062,1
0.8133760945650335,0.0339522387130943,1
0.9489302212579108,0.0331906503563292,1
0.8664350640786008,0.0331678816420974,1
1.0715758044586694,0.0324843035406136,1
0.5316211819296347,0.0317313689731875,1
0.9170096334298984,0.0317224360866423,1
1.0050396621368929,0.0316184074955529,1
0.88847922054117,0.0313221395348466,1
1.0347832674921984,0.0310456753221027,1
0.7676427251224497,0.0306910281414053,1
0.821895752821747,0.0306168649805755,1
1.0351059798857674,0.0299185962171388,1
1.0647392339984088,0.0298914971053562,1
0.5745464667541906,0.029683750103332,1
0.7828579373076213,0.0295059175618382,1
1.07458319902974,0.02935878889684,1
0.9636977432052614,0.029225363099153,1
0.6697649211437128,0.0284203695053267,1
1.066398402635274,0.0281496486983349,1
0.8627629013758583,0.0280208058480465,1
0.968210627030771,0.0277434160674697,1
0.7015936373573054,0.0275690150207439,1
1.006022875149676,0.0268366609663612,1
0.7474068131859805,0.0265203614575401,1
0.8950890398435156,0.0263129629645841,1
0.6004612953278218,0.0261497581353716,1
0.9405425435239176,0.026047285777929,1
0.8697289489532428,0.0259808080732005,1
0.898626326355918,0.0259262125539413,1
0.7457918467252371,0.0256678028338454,1
0.6831501403367249,0.0250922617108723,1
0.8716424747402005,0.0238610788613817,1
0.8822064335499715,0.0238039450168822,1
0.7345957495694194,0.0237009831527805,1
0.7590107868600504,0.0232698449868909,1
0.7224542146910494,0.0229877593045645,1
0.9822991925211004,0.0228723479592807,1
0.8650139507487979,0.0228561721424931,1
0.8607638206648095,0.0226478699690106,1
0.8293312103918654,0.0224058099720789,1
0.9241351877922618,0.0220047528344359,1
0.7311160276362534,0.0219088642870154,1
0.7310778217464678,0.0218431224388195,1
0.9806087174621776,0.0201191049152891,1
0.9817700590044244,0.0198717472852881,1
0.8764826011084437,0.0198388220684672,1
0.9722407794726088,0.0190461368498435,1
1.0588324380499743,0.0190305240315669,1
0.8156479339041349,0.018642683691409,1
0.9474274367879486,0.0180625509189951,1
0.6644067442444177,0.0177024183425728,1
0.6769629221969522,0.0171791824118381,1
0.7272657171912492,0.0171626135911552,1
0.928687286621846,0.0169784282184302,1
1.060177680543508,0.0168423573966471,1
0.9077125905562506,0.0167938008092793,1
0.939643929666404,0.016495881330576,1
0.7597882630303663,0.0162645201043007,1
1.0321452612808113,0.014657734896587,1
0.7383401842887475,0.0142410670800529,1
0.836811096900128,0.0141358013137968,1
1.075208787404538,0.0141054757339174,1
1.0586252833190968,0.013902107564599,1
1.031244339979848,0.013175797590996,1
0.6854149798463202,0.0131165671008174,1
0.8343126050788183,0.0125011643199733,1
0.8756473180579235,0.0123575566653176,1
1.0097322763028165,0.0122361376351056,1
0.8692479999470429,0.011603802410426,1
0.8385722046699926,0.0104063824001229,1
0.7236016576382245,0.0102335748769947,1
0.9886782209256192,0.0101491965200918,1
0.9593157209608624,0.0098187113096008,1
0.7944351249616565,0.0096898516564924,1
0.5972298388731845,0.0094815928198995,1
1.0294343347400852,0.0092559632391733,1
0.7842274701521753,0.0090624908615286,1
1.0695178966882737,0.0084084081290382,1
0.907319479927376,0.008349768179534,1
0.9698115721734488,0.0073878990157245,1
0.8413570602076759,0.0068801360923417,1
0.953794475241519,0.0062734624313309,1
0.9934425294026424,0.0061932084924583,1
1.0077419824090643,0.0058526786911117,1
0.9760298725926402,0.0049147282486278,1
0.6901799622431949,0.0049099801207734,1
0.9236228526040726,0.0042212096336206,1
0.9084642454496292,0.004015554177387,1
1.0504472597678778,0.0038688586680857,1
0.7434770352148332,0.0031095857193705,1
0.8449235288682228,0.0030336851363935,1
0.8194042270685356,0.0021875683290881,1
0.7207180102927859,0.0005765325949739,1
0.987282872528008,0.0002359524216654,1
0.7667983676695664,8.920155377412087e-05,1
0.7426473816733852,-1.1281896062254049e-05,1
0.8857573137826907,-0.0005746945860154,1
1.0491315899829678,-0.0007969910100006,1
0.9020763554275348,-0.0030883640439518,1
0.8774873619788207,-0.0031519388172417,1
0.918670549342848,-0.0036530841994609,1
0.7255383729279794,-0.0039103420432249,1
0.8298752672637963,-0.004259930686548,1
1.06810316334505,-0.0045838024265407,1
0.8494264059268326,-0.0046967649301066,1
0.9134647446776818,-0.0060702428935295,1
0.910536935530924,-0.0081784477926526,1
1.0605114998030456,-0.0086346916024915,1
0.7634493243274417,-0.0098661133116698,1
1.0743281478028546,-0.0103529778075953,1
0.6339704060106136,-0.0109521825797094,1
1.0218463940487696,-0.0112333843201085,1
1.021325227289922,-0.0115721599938813,1
0.9775069915372274,-0.0120447383070965,1
0.9869248945416592,-0.0121492242883032,1
0.430822979455468,-0.0124401865223188,1
0.9297174859317178,-0.0124953854858833,1
0.9625715521958548,-0.0137539662133068,1
0.9492898889993534,-0.0139609136579587,1
0.8839521308821872,-0.0156056491187877,1
0.8408190792906906,-0.0159234878585765,1
0.6998038463703217,-0.0162085986110227,1
0.9561371124834656,-0.0163402435767442,1
0.922432420043268,-0.0168914333150965,1
1.020833002329427,-0.0169134529815522,1
1.0105013764351285,-0.0178810344387588,1
0.9394927731993796,-0.0181866458526017,1
0.830489275414172,-0.0190488798358923,1
0.7440409057439249,-0.0198358406297655,1
0.977205187340334,-0.0201959844712319,1
0.744406563121136,-0.0229850078901463,1
1.0302634119979863,-0.02298974366491,1
1.0608528748085284,-0.0247361077832587,1
0.9786065680240617,-0.0256075549864696,1
0.8878800718747986,-0.0259556956470063,1
1.033983650963954,-0.0259905487988559,1
0.968361406063292,-0.0269338114053825,1
1.0453177170445676,-0.0270157061310468,1
0.7422775954868379,-0.0284476062197462,1
0.7677727251582845,-0.0286566334384592,1
0.9268073581590416,-0.0301355271830723,1
0.9321320066288638,-0.0302771342350272,1
0.8773836493641642,-0.0305988178038985,1
0.7712268361390083,-0.0307004342199312,1
0.8611635142428914,-0.0307581763540745,1
0.819357684079602,-0.0311340493066979,1
0.88302875270823,-0.0315123493061274,1
1.0622131839547309,-0.0315526561685818,1
1.0152336427626325,-0.0318906359624616,1
0.7516368089886463,-0.0339994517462061,1
0.8604894483213986,-0.0351141361373716,1
1.0669288851731888,-0.0358007533316011,1
0.9319383256791804,-0.0424059930450043,1
1.0450134721445024,-0.0431260362290024,1
0.7705596780153292,-0.0431599712753897,1
0.9015780137313796,-0.0440426255986566,1
0.8899960468745433,-0.0449062550838121,1
1.0305335851448163,-0.0456042691852529,1
1.0548164555207338,-0.0462351247408737,1
0.8442327990789001,-0.0466482755179875,1
1.0611277435337283,-0.0476919050180906,1
1.053405818069172,-0.0495390539769547,1
0.8760288433920643,-0.049813069950886,1
0.9453740632427652,-0.050763944199201,1
0.9075739123171817,-0.0520187312404591,1
1.0034945883768274,-0.0530628766320357,1
0.8477321101461331,-0.0536632634441371,1
0.9304393275604574,-0.0564862009748807,1
0.8541017742683122,-0.0569524098432907,1
0.8646755955076444,-0.057596986011784,1
0.9890281687699032,-0.058077183591447,1
0.8786789282715977,-0.0610212091788261,1
1.0589053879710455,-0.0620241114132051,1
0.8094225600807524,-0.0620298638113439,1
0.9546099519502927,-0.0640317931972114,1
0.9347762769660416,-0.0657084978075144,1
0.9912352555573378,-0.0657968282525625,1
0.9314889667832782,-0.0679661513131614,1
0.8764517534319242,-0.0822381614120691,1
0.8323274101989423,-0.0909784299130849,1
0.9820799818373316,-0.0919705755396179,1
1.0618982983538992,-0.0971239907739238,1
0.8195320221423189,-0.1032432808571122,1
0.8267528036392192,-0.1044134396686978,1
0.8450926709304828,-0.1062090292281209,1
0.8879924011148237,-0.1111398885226603,1
0.7687131999033008,-0.1119083276726099,1
1.0030533668374495,-0.1144188273546438,1
1.055625671141026,-0.1217267400886534,1
